_id,answer,pattern
ObjectId("577237c574fece2729cc46ef"),üéµ La culpa fue del cha cha ch√° üéµ,culpa
ObjectId("577237c574fece2729cc46f0"),üéµ En el l√≠mite del bien, en el l√≠mite del mal, te esperar√©! en el l√≠mite del bien y del mal üéµ,l[√≠i]mite
ObjectId("577237c574fece2729cc46f3"),üéµD√©jameee no juegues m√°s conmigo, esta vez en serio te lo digoooüéµ,d[√©e]jame+
ObjectId("577237c574fece2729cc46f4"),üéµ Somos de colores, no tenemos ni nombreee, pero tenemos algo que por la noche se esconde üéµ,color(es+)?
ObjectId("577237c574fece2729cc46f5"),üéµ All√≠ me col√© y en tu fiesta me plant√©, coca cola para todos y algo de comer üéµ,fiesta|coca cola
ObjectId("577237c574fece2729cc46f6"),üé∂ Marisa tu risa, Consuelo tu pelo, Milagros tus labios, Leonor tu amor üé∂,marisa|consuelo|milagros|leonor
ObjectId("577237c574fece2729cc46f7"),üéµHace tiempo que sue√±o con ella y s√≥lo s√© que se llama Noeliaüéµ,noe(lia)?
ObjectId("577237c574fece2729cc46f9"),Auuuuuuuu üê∫ lobo hombre en Par√≠s üóº,lobo|Par[√≠i]s
ObjectId("577237c574fece2729cc46fb"),üéµ Uhhhh vaya l√≠o, los amigos de mis amigas son mis amigos üéµ,amig[oa]s
ObjectId("577237c574fece2729cc46fc"),üéµ Quiero tener tu presenciaaa, quiero que est√©s a mi ladooo üéµ,presencia|lucha|mi lado|tu lado|su lado
ObjectId("577237c574fece2729cc46fd"),üéµ A qui√©n le importa lo que yo hagaa??? üéµ,importa
ObjectId("577237c574fece2729cc46fe"),üéµ Acelera un poco m√°s, porque me quedo tonto y vamos muy lentooo üéµ,acelera+
ObjectId("577237c574fece2729cc46ff"),üéµ ¬øQu√© hace una chica como t√∫ en un sitio como √©ste? Mujer fatal!!! üéµ,mujer
ObjectId("577237c574fece2729cc4700"),üéµ Ojal√° que llueva caf√© en el campo üéµ,caf[√©e]|campo
ObjectId("577237c574fece2729cc4702"),-1 para Andrea. Es bromiiiii!!!,andrea
ObjectId("577237c574fece2729cc4704"),üéµD√©jame que pose para ti, eres tu mi artista preferido, d√©jame que pose para ti, prometo estarte agradecidooo!!!üéµ,agradecido|artista
ObjectId("577237c574fece2729cc4705"),Ese soy yo üê±,miau+
ObjectId("577237c574fece2729cc4706"),Uy uy uy uyyyyy mi gato hace uyuyuyuyyyyyy,uy+|gato|miau+
ObjectId("577237c574fece2729cc4707"),üéµ Semos las ni√±as del colegio de la Saye, nos gusta que las monjas nos lleven al valle üéµ,ni√±as|monjas
ObjectId("577237c574fece2729cc4708"),Gallina?? Nadie... me llama... gallina!!!,gallina|üêî|üêì
ObjectId("577237c574fece2729cc4709"),üéµ Mi ca-ca-ca-ca-cabeza da vueltas persigui√©ndote üéµ,cabeza|perseguir|persigui[e√©]ndote|persigue
ObjectId("577237c574fece2729cc470a"),üéµY ahora es demasiado tarde princesaaa, b√∫scate otro perro que te ladre princesaaaüéµ,princesa+
ObjectId("577237c574fece2729cc470b"),Queremos pan, queremos vino, queremos al jefe colgao de un pino,pan|vino|jefe|pino
ObjectId("577237c574fece2729cc470c"),üéµNo tengo dinerooo wooooo, no tengo dinerooo no no no noooüéµ,dinero
ObjectId("577237c574fece2729cc470d"),üéµPooor la raja de tu falda yo tuve un pi√±azo con un Seat Pandaüéµ,raja|falda
ObjectId("577237c574fece2729cc470e"),üéµDicen que tienes veneno en la piel, y que est√°s hecha de pl√°stico finoüéµ,veneno
ObjectId("577237c574fece2729cc4713"),üéµCabez√≥oonnn qu√≠tate de en medio, cabez√≥oonnn!!!üéµ,cabez[√≥o]n
ObjectId("577237c574fece2729cc4714"),üö¢üõ©Viaje con nosotros a mil y un lugar, y disfrute de todo al pasar üõ¨üõ•,viaje
ObjectId("577237c574fece2729cc4715"),üéµCris-Cris-Cristinaaa dirige una oficina tumbada en la piscina de Incosolüéµ,ch?ristina+
ObjectId("577237c574fece2729cc4716"),üéµLaura no est√°, Laura se fu√©, Laura se escapa de mi vidaüéµ,laura+
ObjectId("577237c574fece2729cc4717"),üòò para üòò,üòò
ObjectId("577237c574fece2729cc4719"),üé∂Mami que ser√° lo que tiene el negrooo!!!??üé∂,negro
ObjectId("577237c574fece2729cc471a"),üéµAve Mar√≠a, cu√°ndo ser√°s m√≠a??üéµ,mar[√≠i]a
ObjectId("577237c574fece2729cc471b"),Manuel no te arrimes a la par√© que te va a llenar de c√°aa,manuel|manolo
ObjectId("577237c574fece2729cc471c"),üéµHoy no me puedo levantarrr, el fin de semana me dej√≥ fataaalüéµ,levantar|finde
ObjectId("577237c674fece2729cc471d"),üéµY gira todo en torno a la estaaancia mientras se daaanzaaa, daaanzaaaüéµ,danzar|bailar
ObjectId("577237c674fece2729cc471e"),üéµNo s√© si estoy en lo cierto, lo cierto es que estoy aqu√≠, otros por menos han muertoüéµ,estoy|cierto
ObjectId("577237c674fece2729cc471f"),üéµEl gato que est√° triste y azul, nunca se olvida que fuiste miaüéµ,gato+|triste|azul
ObjectId("577237c674fece2729cc4720"),üéµCarolinaaa, tr√°tame bien, no te r√≠as de mi, no me arranques la piel!!!üéµ,carolina+
ObjectId("577237c674fece2729cc4721"),üé∂Una vaina loca que me lleva a la gloriaüé∂,vaina|loca|gloria
ObjectId("577237c674fece2729cc4722"),A Di√≥s pongo por testigo que nunca volver√© a pasar hambre.,hambre
ObjectId("577244f574fece273d74ecac"),üéµ Cuando brille el ‚òÄ te recordar√© si no est√°s aqu√≠ii, cuando brille el ‚òÄ olv√≠date de miii üéµ,sol
ObjectId("5772468374fece273d74ecad"),Solomillo!!! Lo quieres de ida y vuelta o sencillo?,solomillo+
ObjectId("5772614c74fece273d74ece3"),üéµ Cuando t√∫ vasss, yo vengo de all√≠, cuando yo voy, tu todav√≠a est√°s aqu√≠ üéµ,vamos|voy
ObjectId("5774db9b74fece31a10824e7"),Peque√±a, ser dura no es suficiente.,dura|boni[tc]a|mujer
ObjectId("577a3e1674fece402f69c01e"),Pues yo no veo ah√≠ nada tieso para que tu novia te est√© esperando,novia
ObjectId("577b6dca74fece402f69c03b"),Ante todo un caballero,ya estamos|como siempre|siempre igual
ObjectId("577bb36274fece402f69c03c"),Si yo no soy turco... por qu√© tengo este kebab?,turco|kebab
ObjectId("577237c674fece2729cc4723"),üéµLabios compartidos, labios divididos, mi amor, yo no puedo compartir tus labiosüéµ,labios|compartidos*|compartir
ObjectId("57ad012e74fece245a1a69a1"),No es como empieza, sino como termina,empezar|empieza|termina
ObjectId("57b052b374fece4966ad15bc"),Si tienes honor, tienes valent√≠a,\bhonor\b|valent[i√≠]a
ObjectId("57bc235f74fece4c07186cfb"),Espa√±a es un despelote,espa√±a
ObjectId("577237c674fece2729cc4724"),üéµTengo un tractor amarillooo, que es lo se lleva ahoraaaüéµ,tractor|amarillo
ObjectId("57db20a074fece03fba21d96"),üéµüéµüéµMeet you all the wayüéµüéµüéµ,rosann?a|roxanne|palangana
ObjectId("577237c674fece2729cc4725"),Chocho chocho para el taxi!!!,ch[√≥o]fer|taxi
ObjectId("577237c674fece2729cc4726"),üéµPero basta ya de tanta tonter√≠a, hoy voy a ir al grano, te voy a meter manoüéµ,tonter[√≠i]a+s?
ObjectId("577237c674fece2729cc4727"),üéµAmores de barraaa, y un l√°piz de labios mal puesto en el ba√±o, col√≠rio en los ojosss, pegote de r√≠mel la copa en la mano, y vuelvo a tu ladoüéµ,barra|col[√≠i]rio|rimel|l[√°a]piz
ObjectId("577237c674fece2729cc4729"),üéµYo, te, buscar√©, en Groenlandiaaa, en Per√∫, en el T√≠bet, en Jap√≥n, en la Isla de Pascuaüéµ,buscar|buscar[√©e]|busco|buscando|buscamos
ObjectId("577237c674fece2729cc472b"),üéµVamos a la playaaa oh oh oh oh ohhhüéµ,play(a+|ita+|ica+)
ObjectId("577237c674fece2729cc472c"),üéµNo pienses que estoy muy triste si no me ves sonre√≠r, es simplemente despisteüéµ,triste
ObjectId("577237c674fece2729cc472d"),üéµQue yo s√© que la sonrisa que se dibuja en mi cara tiene que ver con la brisa que abanica tu miradaüéµ,sonrisa
ObjectId("577237c674fece2729cc472e"),+1 para gato,gato|gatito|gatete|minino|felino|michi
ObjectId("577237c674fece2729cc472f"),Vete t√∫!!!,vete a la mierda+
ObjectId("577237c674fece2729cc4732"),üéµese torooo enamoradooo de la lunaaaüéµ,luna|toro
ObjectId("577237c674fece2729cc4733"),No es cierto √°ngel de amor que en esta apartada orilla m√°s pura la luna brilla y se respira mejor?,orilla|luna|[√°a]ngel
ObjectId("577237c674fece2729cc4734"),Ol√©eeee!,ol[e√©]e*
ObjectId("577237c674fece2729cc4735"),Ah√≠ va el conejo üê∞ de la suerte haciendo reverencias con su cara de inocencia,suerte+|conejo+
ObjectId("577237c674fece2729cc4736"),No, hasta que Gustavo CKC,solter[ao]s*|boda
ObjectId("577237c674fece2729cc4737"),üéµY si te como a besos, tal vez, la noche sea m√°s corta, no lo s√©! Yo s√≥lo no me basto, qu√©date! qu√©date!!!üéµ,beso+s+
ObjectId("577237c674fece2729cc4738"),üéµHay dos salidas de emergencia üÜò delante üîù dos salidas de emergencia üÜò  detr√°s üîô luces por el pasillo reflectante üî¥ y mascarillas üé≠ para respirarüéµ,salida+|emergencia
ObjectId("577237c674fece2729cc4739"),üéµSaltaaa salta conmigooo digo saltaaaüéµ,salta+[r]
ObjectId("577237c674fece2729cc473a"),S√≠ claro, a estas horas vamos a cenar, tienes unas coshasssss!!!,cena|cenando|cenar
ObjectId("577237c674fece2729cc473b"),Buuuu para Inmaaa,buuu+
ObjectId("577237c674fece2729cc473d"),Mucha ni√±a mona pero ninguna sola,ni√±as*|monas*
ObjectId("577237c674fece2729cc473e"),De parte de Andrea: üñïüèª,üñïüèª
ObjectId("577237c674fece2729cc473f"),No es lo mismo se avecina la tormenta üå© que me atormenta la vecina üòª,vecina|tormenta
ObjectId("577237c674fece2729cc4740"),Miami me lo confirm√≥oo!!!,confirm[√≥o]|confirmar|confirmado
ObjectId("577237c674fece2729cc4742"),+2 para Josemi,josemi+
ObjectId("577237c674fece2729cc4743"),Depende? De qu√© depende?,depende
ObjectId("57723b3f74fece273d74eca0"),üéµ Ya no s√© que contartee, que no te haya contado yaa, ya no s√© que besarteee, que no te haya besado yaa üéµ,contarte|contar|besos?|besarte|contado|besado
ObjectId("57723e6674fece273d74eca5"),üé∂ Estaba el se√±or Don Gaaaatooo, sentadito en su tejado, mara ma miauu miauuu miauuuu üé∂,gato
ObjectId("5772405f74fece273d74eca7"),üéµ Sabor de amor!!! Todo me sabe a tiii, comerte ser√≠a un placer porque nada me gusta m√°s que t√∫üéµ,sabor|amor|besarte
ObjectId("5772410874fece273d74eca8"),Labios de fresaa üëÑ  sabor de amor üíó pulpa de la fruta üçì de la pasi√≥n üíò,labios|fresa|fruta|amor|sabor
ObjectId("577242a274fece273d74ecab"),Tiramis√∫ de lim√≥n üçã  helado de aguardiante üçß mu√±equita de sal√≥n üíÉ tanguita de serpientee üêç,tiramis[√∫u]|lim[√≥o]n|tanga|tanguita|helado|serpiente|mu√±eca|mu√±equita|aguardiente
ObjectId("5772480d74fece273d74ecaf"),üéµQuiero escuchar hoy tu voz, pendiente de tus palabras, quiero un camino entre los dos, siempre atento a tu miradaüéµ,camino|palabras|voz|escuchar|mirada
ObjectId("577249bc74fece273d74ecb0"),üéµH√°blame de tu oscura habitaci√≥n, de tus noches sin dormir, de tu calorrr!!! Ll√°mame y a tu lado yo estar√©, no me preguntes qui√©n soy, pues no lo s√©!!! üéµ,habitaci[√≥o]n|oscura|dormir|calor|ll[√°a]mame
ObjectId("57724bfb74fece273d74ecb2"),üéµ Camino de la cama, es el mejor camino, s√≥lo estar durmiendo es mejor que estar dormido üéµ,camino|cama|durmiendo|dormido
ObjectId("57724d6774fece273d74ecb3"),Me ten√©is fritooo!!!!,gato|josemi
ObjectId("57724d9174fece273d74ecb4"),Of√∫uuu para Inma,ofu+
ObjectId("5772511d74fece273d74ecb6"),Para comer yo quiero almejas,comer|comida|men√∫
ObjectId("5772515174fece273d74ecb7"),Para comer yo quiero mejillones,comer|comida|men√∫
ObjectId("5772516074fece273d74ecb8"),Para comer yo quiero conejo,comer|comida|men√∫
ObjectId("5772520074fece273d74ecb9"),Mmmm me encanta el conejo,conejo
ObjectId("5772521474fece273d74ecba"),Mmmm me encantan las almejas,almejas*
ObjectId("5772523c74fece273d74ecbb"),La vainilla sale de la caca del castor,vainilla
ObjectId("5772525f74fece273d74ecbc"),las chuches salen de la placenta de la ballena,gominolas*|chuches*|chucher[√≠i]as*
ObjectId("5772527874fece273d74ecbd"),El lim√≥n te baja la tensi√≥n,limonada|lim[√≥o]n
ObjectId("5772529e74fece273d74ecbe"),La zanahoria es buena para la vista,zanahoria
ObjectId("577252ef74fece273d74ecbf"),El jengibre es afrodis√≠aco ;),jengibre
ObjectId("5772530374fece273d74ecc0"),La canela es afrodis√≠aca ;),canela
ObjectId("5772534674fece273d74ecc1"),Al pescado se le echa lim√≥n para que disuelva las espinas,pescado|lim[√≥o]n
ObjectId("5772536874fece273d74ecc2"),Pa pepino el mio,pepino
ObjectId("5772538874fece273d74ecc3"),Si hay c√©sped se juega el partido,c[e√©]sped|partido|joven|chica
ObjectId("577255d574fece273d74ecc8"),Mayooonessaaaa que se sube que se sube a la cabeeezaaa,ma[yh]onesa
ObjectId("5772568974fece273d74ecca"),Cuidado con Paloma que me han dicho que es de goma,paloma
ObjectId("5772575774fece273d74eccd"),Juliette, oh Juliette... yo s√© que te llamas In√©s,juliette|In[√©e]s|julia
ObjectId("5772577574fece273d74ecce"),Juliette, oh Juliette... yo s√© que te llamas Andr√©s,juliette|Andr[√©e]s|Julia
ObjectId("5772581e74fece273d74ecd0"),No me llames Dolores ll√°mame Looolaaaaa,lola|dolores|loli
ObjectId("5772585a74fece273d74ecd1"),üéµ√ìyeme mi Lola, mi tierna Lola, tu triste vida es tu triste historia üéµ,lola|loli|dolores
ObjectId("5772589974fece273d74ecd2"),üéµ Gloria!! Gloria!! Faltas en el aire!!! üéµ,gloria
ObjectId("577258bf74fece273d74ecd3"),üéµ Dale a tu cuerpo alegr√≠a y Macarena, eehhh Macarena üéµ,macarena
ObjectId("577258e974fece273d74ecd4"),üéµMar√≠a Cristina me quiere gobernar, y yo le sigo le sigo la corrienteüéµ,mar[√≠i]a|cristina
ObjectId("5772593574fece273d74ecd5"),üéµMarta tiene un marcapasos que le anima el coraz√≥n, no tiene que darle cuerda es autom√°aaaticoooüéµ,marta
ObjectId("5772595174fece273d74ecd6"),üéµSaaaaraaa, oohhhh Saaaaraaaaüéµ,sara
ObjectId("5772599c74fece273d74ecd7"),üéµSusanita tiene un rat√≥n üê≠  un rat√≥n chiquit√≠n, que come chocolate y turr√≥n, y bolitas de an√≠süéµ,susana|susi|susanita
ObjectId("577259c974fece273d74ecd8"),üéµCarmen, Carmen, voy a tener que emborracharmeüéµ,carmen
ObjectId("57725a4774fece273d74ecd9"),üéµOh Carol!!! loco estoy por t√≠üéµ,carolina|carol
ObjectId("57725b9374fece273d74ecda"),Andrea!! t√∫ que estudiaste nutriolog√≠a, ay√∫dame a bajar 50 kilos de cemento de la camioneta,nutricionista|nutri[o√≥]loga|nutrici[√≥o]n
ObjectId("57725c2d74fece273d74ecdc"),Sinco euro amego,kebabs*|showarmas*
ObjectId("57725cef74fece273d74ecdd"),hoy follo!!! y ma√±ana fatatas fritas!!!,pollo|patatas*
ObjectId("57725dfb74fece273d74ecdf"),üéµV√°monos de tapas v√°monos, v√°monos, que v√°monos de tapas v√°monosüéµ,tapeo|tapas*
ObjectId("57725e7f74fece273d74ece0"),El ma√≠z no se digiere, tal como entra sale,ma[i√≠]z
ObjectId("57725f3e74fece273d74ece1"),El picante te ayuda a hacer la digesti√≥n,picante
ObjectId("57725ffb74fece273d74ece2"),Ojal√° el oto√±o en vez de hojas secas... siembre una colina de batatas y fresas,oto√±o|batatas*|fresas*|colina|hojas*|secas|siembra|sembrar
ObjectId("5773751874fece273d74ece4"),Passshooooo de tu culo!!!,culo|calla|c[√°a]llate
ObjectId("577377d674fece273d74ece7"),Mmmm me encanta el marisco,marisco
ObjectId("5773788274fece273d74ece9"),Tengo los ojos como platos rojos como los zapatos de un payaso,payaso|zapatos*|platos|rojos|ojos
ObjectId("5773951374fece273d74ecea"),Holaaa guapaa, me das tu n√∫mero? me invitas a una copa?,ni√±as*|boni[ct]as*
ObjectId("5773988674fece2bef520a90"),el mel√≥n, de dos en dos,fruta|mel[√≥o]n
ObjectId("5773b69074fece2bef520a91"),Ch√© Ch√©!! Ch√©!! documentaci√≥n, Ch√©!! Ch√©!! los papeles del cami√≥n!!!,papeles|cami[√≥o]n|documentaci[√≥o]n
ObjectId("5773b6e874fece2bef520a92"),Mucha mucha poolic√≠a, mucha mucha poolic√≠a, mucha mucha poolic√≠a, mucha mucha, poolic√≠a, mucha mucha polic√≠a.....,polic[√≠i]a
ObjectId("5773b7ba74fece2bef520a94"),Francamente querida, me importa un bledo,querida|querido|importar?
ObjectId("5773b80374fece2bef520a96"),Al√©grame el d√≠a,d[√≠i]a
ObjectId("5773b82a74fece2bef520a97"),Que la fuerza te acompa√±e,fuerza|acompa√±ar|acompa√±e|acompa√±ad[ao]
ObjectId("5773b88874fece2bef520a99"),Me encanta el olor a napalm por la ma√±ana,ma√±ana|napalm|fuego|olor
ObjectId("5773b8e974fece2bef520a9b"),P√≥ngame lo mismo que a ella,pedido|pedir|beber|comer|ponen
ObjectId("5773b92a74fece2bef520a9c"),No me pidas la Luna, nosotros tenemos las estrellas,luna|estrellas*
ObjectId("5773b95774fece2bef520a9d"),Me ten√≠as desde que me dijiste hola,hola+
ObjectId("5773b9f974fece2bef520a9f"),Ya est√°n aqu√≠iiiiii.....,fantasmas*|miedo|susto
ObjectId("5773ba1974fece2bef520aa0"),Hasta aqu√≠ hemos llegado,llegar|llegado|estamos
ObjectId("5773ba4874fece2bef520aa1"),Hasta la vista, baby!,adi[√≥o]s|hasta luego|bye
ObjectId("5773badd74fece2bef520aa2"),A lo largo de la noche llegaremos,tarde|noche
ObjectId("5773d1dd74fece2bef520aa6"),Celebrate good times, come on!,celebrar|celebrarlo|celebraci[√≥o]n
ObjectId("5774d99174fece31a10824e0"),La vida no es garant√≠a de nada. Si uno quiere una garant√≠a, que compre un tostador.,tostador|garant[√≠i]a|vida
ObjectId("5774d9cd74fece31a10824e1"),Muchas veces he intentado ser razonable, no sal√≠ vivo de esa locura. No me gust√≥!,raz[√≥o]n|razonable|locura|loco
ObjectId("5774da3d74fece31a10824e2"),Yo no soy racista, odio a todas las razas por igual,racista|razas*
ObjectId("5774dad074fece31a10824e4"),Alguien dej√≥ la puerta abierta y entraron los perros equivocados,puerta|abierta|perros*
ObjectId("5774daf474fece31a10824e5"),Un hombre debe conocer sus limitaciones,no puedo|no voy a poder|no podemos
ObjectId("5774db2874fece31a10824e6"),No quiero necesitarte... porque no puedo tenerte,necesitar|necesito|necesario
ObjectId("5774dca274fece31a10824e9"),Eso va a despertar a los vecinos,ruido|m[√∫u]sica|canci[√≥o]n|cancionero|canciones
ObjectId("5774dcd474fece31a10824ea"),Oh, ho, ho, no!,o+h+
ObjectId("5774dd0e74fece31a10824eb"),El agua moja, el cielo es azul y las mujeres tienen secretos,mojar|agua|cielo|azul|mujeres|secretos
ObjectId("5774dd6074fece31a10824ec"),¬øQu√© activa el detector de metales? ¬øEl plomo de tu culo o la mierda de tu cerebro?,culo|plomo|cerebro|metal|detector
ObjectId("5774ddab74fece31a10824ed"),No te lo tomes a mal, me encanta conversar, pero... ¬øno te podr√≠as callar un minuto?,calla|calla (gato|miau)
ObjectId("5774de3674fece31a10824ef"),No estoy loco, ahora lo entiendo. Soy mentalmente divergente,loco|metalmente|mentalidad|trastorn
ObjectId("5774e04b74fece31a10824f2"),El problema con los ni√±os es que no se pueden devolver,ni√±os
ObjectId("5774e07e74fece31a10824f3"),Cuando la gente es libre de hacer lo que quiere, a menudo imitan a otros,imitar?
ObjectId("5774e0a774fece31a10824f4"),Nunca olvido una cara, pero en tu caso har√© una excepci√≥n,conozco|conocer|conocid[oa]
ObjectId("5774e0e174fece31a10824f5"),No soy lo suficientemente joven para saberlo,gato sabe
ObjectId("5774e10474fece31a10824f6"),Eres un h√°bito que me gustar√≠a patear. Con los dos pies,patada|patear
ObjectId("5774e13774fece31a10824f7"),Puede que este borracho, se√±orita, pero por la ma√±ana estar√© sobrio y t√∫ seguir√°s siendo fea,borracho|sobrio|ebrio|fe[oa]
ObjectId("5774e19674fece31a10824f8"),¬°C√°sate conmigo y nunca m√°s mirar√© otro caballo!,gustan todas|novia|c[a√°]sate|caballo
ObjectId("5774e1d474fece31a10824f9"),Nunca dej√© que la escuela interfiriese con mi educaci√≥n,escuela|educaci[√≥o]n|aprender?|aprendido
ObjectId("5774e2a174fece31a10824fb"),No acud√≠ al funeral, pero mand√© una carta diciendo que lo aprobaba,muert[eo]|funeral
ObjectId("5774e2df74fece31a10824fc"),La experiencia es algo maravilloso. Te permite reconocer un error cuando lo vuelves a cometer,experiencia|error
ObjectId("5774e30974fece31a10824fd"),No estoy de acuerdo con lo que tienes que decir, pero defender√© a muerte tu derecho para decirlo,estar de acuerdo|estoy de acuerdo
ObjectId("5774e33c74fece31a10824fe"),No soy vegetariano porque ame a los animales; lo soy porque odio a las plantas,vegetarian[ao]
ObjectId("5774e35974fece31a10824ff"),Soy f√°cilmente satisfecho con lo mejor,satisfech[oa]
ObjectId("5774e37b74fece31a1082500"),No es necesario entender las cosas para discutir sobre ellas,entender|entendimiento|entendido
ObjectId("5774e3b174fece31a1082501"),Cualquier mujer puede ser glamurosa. Todo lo que tienes que hacer es permanecer de pie y parecer est√∫pida,glamur|glamour|glamurosa
ObjectId("5774e41274fece31a1082502"),Me gustas. La gente dice que no tengo buen gusto, pero me gustas.,gustan todas|gustas
ObjectId("5774e46974fece31a1082503"),Estoy ocupado ¬øPuedo ignorarte algo m√°s de tiempo?,ocupado|ignorar(te)?
ObjectId("5774e47d74fece31a1082504"),La vida es como una monta√±a rusa y estoy a punto de vomitar,monta√±a rusa|vomitar
ObjectId("5774e6d774fece31a1082506"),üéµEs la hora es la horaaa, es la hora de jugarüéµ,\bhora\b|jugar|jug[a√°]is|juega|juegos*
ObjectId("5774e94774fece31a1082507"),de nada!,gracias
ObjectId("5774ea4574fece31a1082508"),Me est√°s hablando a m√≠?,gat[ao]s*|min[i√≠]no|gatete
ObjectId("5774ea5d74fece31a1082509"),Anda... al√©grame el d√≠a,gat[ao]s+|min[√≠i]n[oa]s+|gatetes+|gatitos+
ObjectId("5776443874fece33b9e82333"),Se fue en busca de trabajo y le comieron lo de abajo,trabajo
ObjectId("5776445d74fece33b9e82334"),El fontanero, su mujer y otras cosas de meter,fontanero|fontaner[√≠i]a
ObjectId("577644e774fece33b9e82335"),Si yo no soy Curro Jim√©nez... qu√© hago con este trabuco?,curro jim[√©e]nez|trabuco
ObjectId("5776466074fece33b9e82336"),Si te he visto no me acuerdo, si te desvisto no me olvido,olvidar|olvid[√≥o]
ObjectId("5776473174fece33b9e82337"),No s√©, creo que ella es mejor que la chica de mis sue√±os... Ella es real,sue√±os
ObjectId("5776477474fece33b9e82338"),No me acuerdo de olvidarte,olvidar(te)?|olvid[√≥o]
ObjectId("577647bd74fece33b9e82339"),Hay tres maneras de hacer las cosas: la correcta, la incorrecta y la m√≠a,formas|cosas|maneras|correct[oa]|incorrect[oa]
ObjectId("577647db74fece33b9e8233a"),Yo no digo mentiras, le doy amplitud a la verdad‚Ä¶,mentiras*
ObjectId("5776481274fece33b9e8233b"),Tu eres algo inesperado,sorpresa
ObjectId("5776484074fece33b9e8233c"),ten√≠a una cita,no viene|no fue|no vino
ObjectId("577648cf74fece33b9e8233e"),¬øEl sexo?‚Ä¶ A diario es mejor,sexo
ObjectId("577648ff74fece33b9e8233f"),Siempre se llega a alguna parte si se camina lo bastante,caminar?|andar|andando|caminando
ObjectId("5776493074fece33b9e82340"),Yo nunca miro atr√°s, cari√±o. Me distrae del ahora,pasado|futuro
ObjectId("57764a2074fece33b9e82341"),el concepto es el concepto,concepto
ObjectId("57764b5e74fece33b9e82342"),Yo s√≥lo puedo mostrarte la puerta, t√∫ eres quien la tiene que atravesar,abandonar|abandono|me voy|me salgo|me piro|me salgo|del grupo
ObjectId("57764c7874fece33b9e82343"),Voy a hacerle una oferta que no podr√° rechazar,ofertas*|rebajas*|rechazar|rechazad[ao]|rechazo
ObjectId("57764cd774fece33b9e82344"),Si no quieres una respuesta sarc√°stica, no hagas una pregunta necia,preguntas*|respuestas*|preguntado
ObjectId("57764d0174fece33b9e82345"),La verdad es algo muy bonito,verdad
ObjectId("5776754474fece33b9e82347"),a√∫n recuerdo el olor de su culo...,huele|olor(es)?|culo[s]?
ObjectId("57767a9574fece33b9e8234b"),Bienvenidos a nuestras l√≠neas aereas, se√±ores pasajeros!üé§,avi[o√≥]n?|pasajero|aero|nadia|bea
ObjectId("57769a7974fece33b9e8234c"),Too short,javi|nadia
ObjectId("57769c6074fece33b9e8234d"),Hi babes!,javi
ObjectId("57769e9374fece33b9e8234f"),I love Milan!,javi
ObjectId("5776cff474fece33b9e82350"),Trucha tu,truchas?
ObjectId("5776dd2274fece33b9e82351"),¬°Y yo con estos pelos!,gatas?|fiesta
ObjectId("5776deeb74fece33b9e82352"),Passsho de la cuenta premium,amazon
ObjectId("5776df1674fece33b9e82353"),Esclavo, tr√°eme comida,gato
ObjectId("5776df6574fece33b9e82354"),Me vas a gastar el nombre,miau
ObjectId("5776e02274fece33b9e82355"),Paaaaasho de Netflix, yo soy de Wuaki,netflix
ObjectId("5776e0f274fece33b9e82356"),Vendo un perro, 5 euro amego,perro
ObjectId("5776fa6074fece37ac8bccfb"),La de rojo que te cojo,rojo
ObjectId("5776fa7774fece37ac8bccfc"),Morena, que me quitas las penas,morena
ObjectId("5776fa9374fece37ac8bccfd"),Rubia, que te com√≠a la alubia,rubia
ObjectId("5776faac74fece37ac8bccfe"),Pelirroja, que te dejo coja,pelirroja
ObjectId("5776faf974fece37ac8bccff"),De ese bacalao se aprovechan hasta las espinas!,bacalao
ObjectId("5776fb8f74fece37ac8bcd00"),¬°Ya quisieran los bomberos tener semejante manguera!,bombero|manguera
ObjectId("5776fc1a74fece37ac8bcd01"),¬øEres transportista? Necesito que me revises este paquete,transport|paquete
ObjectId("5776fc9674fece37ac8bcd02"),¬°Qui√©n fuera sudor para estar m√°s cerca de ese sobaco!,calor|sudor|sobaco|axila|suda
ObjectId("5776fd0674fece37ac8bcd03"),Qui√©n fuera retrete para verte todos los d√≠as el ojete.,piropo|guarro|culo|ojete|v[a√°]ter
ObjectId("5776fd5774fece37ac8bcd04"),Cada vez que te veo se me alegra el pigmeo,gato|miau
ObjectId("577702b474fece37ac8bcd05"),No le busques los tres pies al gato,gato|pies|miau
ObjectId("5777032374fece37ac8bcd06"),A falta de polla, pan y cebolla,pan|cebolla|polla
ObjectId("5777048874fece37ac8bcd09"),¬øQuienes fueron testigos de excepci√≥n de la final de la primera edici√≥n de operaci√≥n triunfo?,testigo|excepci√≥n|operaci√≥n|triunfo
ObjectId("577704fa74fece37ac8bcd0b"),La voz del culo no tiene remedio ni disimulo,culo|pedo|peo
ObjectId("5777056a74fece37ac8bcd0c"),No hay co√±o m√°s sano que la palma de la mano,co√±o|sano|mano|paja
ObjectId("5777868c74fece37ac8bcd0e"),Yo seguir√© siendo tu perro fiel,cuernos|infiel
ObjectId("57778bff74fece3a1aa32ff4"),P√°sate una Cruzial! üç∫,javi|nadia
ObjectId("5777e8c074fece3a1aa32ff5"),Pa chulo mi pirulo,chulo|pirulo
ObjectId("5777ec8574fece3a1aa32ff6"),Abracadabra tapate guarra!,\bguarra\b|pelotas
ObjectId("5777ed2474fece3a1aa32ff7"),Ahorra agua, d√∫chate con tu vecina!,vecina|vecinita
ObjectId("5777eef574fece3a1aa32ff8"),Me siento como si pudiera... como... si... pudiera... ¬°CONQUISTAR EL MUNDO!,gato|miau
ObjectId("5777ef1c74fece3a1aa32ff9"),Yo soy cola, t√∫ pegamento,gato|miau
ObjectId("5777ef9674fece3a1aa32ffa"),Cuando s√≥lo hay un candidato, s√≥lo hay una elecci√≥n,elecci|voto|vota|[kc]orea
ObjectId("5777eff274fece3a1aa32ffb"),¬øeres un gallina? üêì,miedo|terror
ObjectId("5777f12474fece3a1aa32ffc"),¬°Queremos üçû, queremos üç∑, queremos a Josemi colgao de un üå≤!,josemi|pino
ObjectId("5777f1bf74fece3a1aa32ffd"),Por un puesto de trabajo, por arriba y por abajo,trabajo
ObjectId("5777f22374fece3a1aa32ffe"),Fui a por bellotas y me metiste hasta las pelotas,bellota|pelota
ObjectId("5777f45b74fece3a1aa32fff"),De oca a oca y me la tiro porque me toca,\b[t]oca\b|\btiro\b
ObjectId("5777f49374fece3a1aa33000"),T√≥camela otra vez, Sam,gat[oa]|miau
ObjectId("5777f5ad74fece3a1aa33002"),Vamos a la carga con la cosa que se alarga,gatas?|miau
ObjectId("5777f60f74fece3a1aa33003"),En √©pocas electorales, erecciones generales,elecci|vota|candidat
ObjectId("57782f8a74fece3a1aa33006"),Te voy a rellenar el bollo de canela nena,canela
ObjectId("57783b8374fece3a1aa33009"),Mientras que vienes me voy a poner a rezar un Padre Nuestro y un Ave Mar√≠a,tardo|llegar
ObjectId("57783c8174fece3a1aa3300a"),Vivaaaa!,viv[a]+
ObjectId("5778edf474fece3a1aa3300c"),Ante la duda la m√°s tetuda,\bduda\b
ObjectId("5779569974fece3a1aa3300d"),La de rojo que te lo cojo,\brojo\b
ObjectId("577237c574fece2729cc46fa"),üéµ T√≠a, sin tu val√≠a, ser√© un pringao, me quedar√© s√≥looo üéµ,pringao|s[√≥o]lo+|t[√≠i]a
ObjectId("577a3e6b74fece402f69c01f"),Antes que ver el sol ‚òÄ prefiero escuchar tu voz üëÑ,sol|voz
ObjectId("577a3f1d74fece402f69c020"),¬øme lo dices a mi?,gato (malo|feo|tonto|pesado|petardo)
ObjectId("577a69d274fece402f69c024"),Si un d√≠a la vida te da la espalda, t√≥cale el culo!!!,espalda|culo
ObjectId("577a7be174fece402f69c02a"),Si no soy de Burgos... por qu√© tengo esta morcilla??,burgos|morcilla
ObjectId("577a7c0574fece402f69c02b"),Si no soy pescador... por qu√© tengo esta ca√±a??,\bca√±a\b|pescador|\bpescar\b
ObjectId("577a7d2274fece402f69c02c"),Si no soy de Canarias... por qu√© tengo esta banana??,canarias|pl[√°a]tano|banana
ObjectId("577a7f0b74fece402f69c02d"),Los dedos de las manos, los dedos de los pies, el pito y las pelotas suman 23,\b23\b
ObjectId("577a7f4274fece402f69c02e"),2‚É£ y 2‚É£ son 4‚É£, 4‚É£ y 2‚É£ son 6‚É£, 6‚É£ y 2‚É£ son 8‚É£ y 8‚É£ : 1‚É£6‚É£,\bsumar\b|\b[2468]\b|\b16\b
ObjectId("577a845174fece402f69c038"),tela marinera,va+ya+ te+la+
ObjectId("577b6db374fece402f69c03a"),Primera busca el amor, luego lo que surja,os liast[e√©]is|hubo l[√≠i]o|hubo tema|os hab[√©e]is liado
ObjectId("577ceb2b74fece402f69c05a"),üéµEva Mar√≠a se fue buscando el sol en la playaüéµ,eva|mar[i√≠]a|sol|playa
ObjectId("577a6b0074fece402f69c025"),Me gustar√≠a ser patata frita para acompa√±ar ese lomo,patatas* fritas*|\blomo\b|chicharra|filetes*|chuletas*
ObjectId("577a6be874fece402f69c026"),A la playa sin toalla,playa|toalla
ObjectId("577a6bfc74fece402f69c027"),Vacaciones de verano con el pepino en la mano,vacaciones|verano
ObjectId("577a6e0974fece402f69c029"),Ll√°mame üìû cuando tengas fuego dentro üî• yo ser√© tu bombero fiel ‚õë con mi manguera acudir√© üèÉ,ll[√°a]mame|fuego|bombero|manguera
ObjectId("577a810874fece402f69c030"),Marina? la que le huele a sardina,marina
ObjectId("5781370874fece03ee34927e"),Del negro de un mejill√≥n son tus ojos en su punto de sal,mejill[o√≥]n|mejillones|\bsal\b|negro
ObjectId("57865cf474fece03ee349289"),Alicia? ...la que siempre me acaricia?,alicia
ObjectId("5787a71574fece03ee34928c"),del paraguay,\bguay\b
ObjectId("577a828674fece402f69c034"),Vanesa? la que se come lo que le interesa,vanesa
ObjectId("578c7b0d74fece09a24d733f"),Esta noche, carricoche,\bnoche\b
ObjectId("577a82a274fece402f69c035"),Marta? la que no se harta,marta
ObjectId("577237c674fece2729cc4741"),Si hay pelito no hay delito,joven|peque√±a|ni√±a|chica|cr[i√≠]a
ObjectId("5777041b74fece37ac8bcd08"),Gracias a Dios que soy ateo,dios|cura|obispo|religi[√≥o]n
ObjectId("577704cc74fece37ac8bcd0a"),La excepci√≥n de la regla dura 9 meses,excepci[o√≥]n|regla|embaraz
ObjectId("5778196574fece3a1aa33004"),Javi p√°sale una Cruzial! üç∫,cerveza|birra
ObjectId("577377aa74fece273d74ece6"),üéµ20 de abril del 90, hola chata c√≥mo est√°s??üéµ,abril|20
ObjectId("579f4ba174fece245a1a699c"),abril, cerral,\babril\b|\babrir\b
ObjectId("57a44de274fece245a1a699e"),Yo detendr√© el tiempo para ti,tiempo
ObjectId("57ad018974fece245a1a69a2"),Si tu me dices ven lo dejo todo, pero dime ven,venir|\bven\b
ObjectId("57adb06f74fece245a1a69a7"),Al C√©sar lo que es del C√©sar y a Dios... que te vaya bien,c[e√©]sar|\bdios\b
ObjectId("57af4ba074fece245a1a69b9"),Cara de espanto, culo de encanto,\bfe[oa]s*\b
ObjectId("57af4fb974fece245a1a69c2"),Quiera o no quiera, el asno ha de ir a la feria,feria
ObjectId("57af675074fece4966ad15ba"),Sin √°nimo de lamepollismo, me caes bien!,(gato|gatito|michito) (boni[tc]o|bueno|listo|guapo)
ObjectId("57b6e24474fece4c07186cd2"),ETA: 45 min.,saliendo
ObjectId("57b6ea8674fece4c07186cde"),Qu√© nivel Maribel!,maribel
ObjectId("57bcd02a74fece4c07186cfd"),Me cago en la leche Merche,\bmerche\b
ObjectId("57c8167c74fece4c07186d06"),Nunca con N de jam√°s,\bnunca\b|nunca jam[a√°]s
ObjectId("577a800e74fece402f69c02f"),üéµ Tigres tigres, leones leones, todos quieren ser los campeonesüéµ,tigres*a?|le[√≥o]n(es)?|campeones
ObjectId("577a820574fece402f69c032"),¬°Naranjas naranjas!, ¬°Limones limones!, dar√≠a la vida por estrujarte los melones,naranjas*|lim[√≥o]n(es)?|mel[√≥o]n(es)?
ObjectId("577a82bb74fece402f69c036"),Arancha la de las bragas anchas,arancha
ObjectId("57938b7b74fece037396f815"),de todo,pasho
ObjectId("5829eb6974fece04d6830089"),I love cats üòª  I love every kind of cat üòª  I just want to hug all of them üòª  but I can't üòø Can't hug every cat üòø can't hug every cat üòø,\bcats?\b|gatos?
ObjectId("589cc8af74fece03b98baf72"),Con cari√±o y simpat√≠a, que te aguante tu t√≠a,cari√±o|simpat[√≠i]a|aguantar
ObjectId("59d6013f74fece0365d1b121"),‚ù§üíó  Helena üíó‚ù§,helena
ObjectId("577a823174fece402f69c033"),Estas m√°s buena que el pan y m√°s rica que el chorizo, si estuvieras a mi lado ser√≠as mi √∫nico capricho,chorizo|\bpan\b|capricho
ObjectId("577a830974fece402f69c037"),Paula la que toca la flauta,paula
ObjectId("577a84ea74fece402f69c039"),üéµ Y nos dieron las 10 y las 11, las 12 la 1 y las 2 y las 3... üéµ,diez|\b10\b
ObjectId("577bb3fc74fece402f69c03d"),Si no soy alem√°n... por qu√© tengo esta salchicha??,alem[a√°]n|salchicha
ObjectId("577bb53174fece402f69c03e"),Que inyustisia!!,no es justo|pena|perdido|suspendido|cancela(do)
ObjectId("577bb88074fece402f69c03f"),Tallos pa' tres!!!,churro+s*
ObjectId("577bb8da74fece402f69c041"),Recomiendo la chicharra y la leche rizada,baza
ObjectId("577bd66974fece402f69c042"),üéµ Si la tocas otra vez, te prometo que esta noche yo nunca la olvidar√© üéµ,\btoca[rs]?\b
ObjectId("577bd70574fece402f69c044"),Ese maldito trabajo, voy a mandar a todos al carajo,trabajo
ObjectId("577bd86c74fece402f69c045"),üéµ Te regalo mi orden y mi desorden, te regalo mi norte, mi horizonte üéµ,regalos*
ObjectId("577bd92d74fece402f69c046"),Por ser nieto de cubanos algo se me est√° elevando,\bcuba(no)?\b|\bpicha\b|salido
ObjectId("577bd9f974fece402f69c047"),Sk Sk Sk Sk Sk escapa escapate conmigooo,escapar|esc[a√°]pate
ObjectId("577bda5774fece402f69c048"),Qui√©n te llena de alegr√≠a.... como yo!?!?!,alegr[√≠i]a
ObjectId("577bda8d74fece402f69c049"),Qui√©n te da tanto cari√±o... como yo!?!?!,cari√±o
ObjectId("577bdace74fece402f69c04a"),Qui√©n te da desayuno en la cama y te hace sentir una dama!?!,desayuno
ObjectId("577bdb0474fece402f69c04b"),Qui√©n entiende tus d√≠as de cambio!?!,\bregla\b
ObjectId("577bdb6474fece402f69c04c"),üéµ Eres mi medicina, mi mi mi mi vitaminaüéµ,medicina|vitamina
ObjectId("577bdbbb74fece402f69c04d"),Dame de lo que yo quiero que me estoy poniendo mal,sexo|salido|pervertido
ObjectId("577bdc3b74fece402f69c04e"),Mentiras, s√≥lo dices mentiras, ya no aguanto tus mentiras,mentiras*
ObjectId("577bdca174fece402f69c04f"),Me alimento viendo tu silueta por la ventana,alimentar|alimento
ObjectId("577bdd3274fece402f69c050"),Cruzar√© el mar entero para demostrar que te quiero,me quiera|no me quiere|no te quiere
ObjectId("577bdd7c74fece402f69c051"),üéµAnda ni√±a mueve mueve tus caderasüéµ,caderas|bailar|ritmo
ObjectId("577bdebc74fece402f69c052"),Cuando lleguen los humanos a Marte,llegar pronto|llegar tarde
ObjectId("577bdfbf74fece402f69c053"),Ni tu ni yo nos dimos cuenta que tras sus tetas no hab√≠a coraz√≥n,\btetas*\b|coraz[√≥o]n|ambici[o√≥]n
ObjectId("577be63d74fece402f69c056"),Ensalada de pepino en colegio femenino,ensaladas*
ObjectId("577ce7e574fece402f69c058"),Poco bebo para lo mucho que hay que tragar,borracho|beber|tragar
ObjectId("577cea6274fece402f69c059"),Oye chaval, un licor de chirimoya!,\blicor\b|chirimoya|chupitos*
ObjectId("577cf18274fece402f69c05b"),me pas√© de la raya con tal de pasar por el aro,\braya\b|\bralla\b|\baro\b|se pasa mucho
ObjectId("577cf63374fece402f69c05c"),Tengo ganas de tus manos enred√°ndose en mi pelo,a?caricia([sr])?|\bpelo\b|enredar|\bmanos*\b
ObjectId("577d01d274fece402f69c05e"),no intentes atraparme, he aprendido a volar,voy a coger [ae]l gato
ObjectId("57812d5774fece03e043a899"),Aqu√≠ los puntos los doy yo,[+-][0-9]+ para
ObjectId("578173a974fece03ee34927f"),La hembra del fox es la bitch,zorr[o√≥a][sn]*
ObjectId("57839f8174fece03ee349280"),alguien ha dicho Magic?,margi+
ObjectId("57839fb774fece03ee349281"),me conozco todos vuestros trucos,clave
ObjectId("5786584d74fece03ee349283"),Culo veo culo quiero, y si no lo veo no lo quiero,\bculo\b
ObjectId("578658d474fece03ee349284"),M√°s listo que el hambre,gato listo
ObjectId("5786596874fece03ee349285"),Dime con qui√©n andas y si est√° buena me la mandas,\banda[rs]\b|amiga
ObjectId("57865a1d74fece03ee349287"),Ni√±a, no tengo pelos en la lengua porque tu no quieres,\bpelos*\b|lengua|gato salido
ObjectId("5787546274fece03ee34928a"),Nena, te sobrecargo el Pikachu?,pok[e√©]mon
ObjectId("5787554074fece03ee34928b"),Eres la llama que mantiene vivo mi Charmander,pok[√©e]mon
ObjectId("5787a9a274fece03ee34928d"),arigato gozaimasu,gato (bueno)|(listo)
ObjectId("5787ad2174fece03ee34928e"),Pluto es mi perro üê∂ Mickey mi rat√≥n üê≠ y t√∫ la due√±a de mi coraz√≥n ‚ù§,perro|rat[√≥o]n|\bPluto\b|\bMickey\b
ObjectId("5787ae0274fece03ee34928f"),Una nube blanca, una nube azul, en la nube un sue√±o y en el sue√±o tu,\bnube\b|\bsue√±o\b
ObjectId("5787ae6e74fece03ee349290"),martes? de mierda te hartes,\bmartes\b
ObjectId("5787aed874fece03ee349291"),Sabes de mar?... esto es pulpo o calamar?,\bmar\b|calamar|pulpo
ObjectId("5787af3174fece03ee349292"),Tarar√≠ que te vi,petardo|desgraciao|desgraciado
ObjectId("578b38b974fece09a24d733a"),Ma√±ana ser√° otro d√≠a,ma√±ana|\bd[i√≠]a\b
ObjectId("578b397074fece09a24d733b"),Me voy a poner a rezar un padre nuestro y un ave mar√≠a,Iglesia|\brezar*\b|\bdios\b
ObjectId("578d3ce174fece09a24d7341"),¬°Pok√©ball, atr√°pala!,pok[e√©]mon
ObjectId("578d3d7b74fece09a24d7342"),Te elijo a ti... nena!,pok[e√©]mon
ObjectId("578de53c74fece09a24d7343"),Javi p√°sale una Cruzial! üç∫,birra|cerveza|cervecita
ObjectId("5793262274fece037396f80a"),Show me the money!,dinero
ObjectId("5793269874fece037396f80b"),Si no te gustan las chuches... por qu√© te est√°s comiendo ese palote?,chuches*|chucher[i√≠]as*|palotes*
ObjectId("579326f474fece037396f80c"),Si te vas me bato en duelo,me voy|nos vamos|me salgo
ObjectId("5793278274fece037396f80d"),Si no estoy resfriado... por qu√© tengo este trancazo?,resfriad[ao]|fiebre|enferm[ao]
ObjectId("579328b874fece037396f80e"),Verde que te quiero verde,verde
ObjectId("57932b4974fece037396f810"),Un caballero no teme manchar su espada con sangre,\bregla\b
ObjectId("57932e9b74fece037396f811"),Todos lo dicen pero yo no me fio, que las esquimales tienen el toto fr√≠o,esquimales|\bfr[i√≠]o\b|\bnorte\b
ObjectId("57932f1c74fece037396f812"),Aqu√≠ mi fusil, aqu√≠ mi pistola, uno da tiros la otra consuela,pistola|fusil|metralleta|\barma\b|ca√±[o√≥]n
ObjectId("5793704f74fece037396f813"),Si no soy pirot√©cnico... por qu√© tengo este petardo?,petardo|pirot[√©e]cnico|pir[√≥o]mano
ObjectId("5793888a74fece037396f814"),Las 8 y media. Una hora menos en Canarias,qu[e√©] hora
ObjectId("5797257b74fece037396f818"),rush rush get me yeyo!!,droga|coca[i√≠]na
ObjectId("57972d9574fece037396f81b"),Tienes que ser su mejor opci√≥n,opci[o√≥]n(es+)?|alternativas*|elecci[o√≥]n(es+)?
ObjectId("579752b974fece037396f81c"),un hombre s√≥lo una mujer, 69 formas de pasarlo bien,\bhombre\b|\bmujer\b|\b69\b
ObjectId("579753ad74fece037396f81d"),hago Chas!! y aparezco a tu lado,\blejos\b|\bcerca\b
ObjectId("5797542274fece037396f81e"),En los anillos de Saturno,planetas*|Saturno|anillos*
ObjectId("5797547474fece037396f81f"),cuando lleguen los humanos a Marte,cu[a√°]ndo
ObjectId("5797551b74fece037396f820"),La madre de Jos√© me est√° volviendo loco,\bmadre\b|\bJos[e√©]\b
ObjectId("5797555c74fece037396f821"),Todo me queda grande para no estar contigo,grande|contigo
ObjectId("579755b574fece037396f822"),jejeje jejeje G de Gilipollas,jejejeje
ObjectId("5797562374fece037396f823"),Me he dado cuenta cada vez que canto que si no canto no se lo que digo,qu[e√©] dices
ObjectId("5797568d74fece037396f824"),Tu padre no lo dice pero me mira mal,\bpadre\b
ObjectId("579756d874fece037396f825"),Ya sabes! feo, fuerte y formal!,\bfeo\b|\bfuerte\b|\bformal\b
ObjectId("5797572f74fece037396f826"),Me baj√© en la ciudad de las mujeres,tren|avi[o√≥]n|bajarse|bajar|\bbajo\b
ObjectId("5797576574fece037396f827"),Crees que no hay gacelas bien dispuestas listas a jugar?,mujeres
ObjectId("5797578c74fece037396f828"),Un juego s√≥lo vale si es de igual a igual,juego
ObjectId("5797580874fece037396f829"),Hay luna llena y hombres lobo como usted,\bluna\b|luna llena|\blobos*\b|hombres* lobos*
ObjectId("5797584074fece037396f82a"),El mejor de los placeres: hacer de proveedor y de juguete,placer(es)?
ObjectId("57975a0674fece037396f82c"),Al sexo escrito le ha vencido el sexo oral y al viejo cuento le ha cambiado el final,\bsexo\b|sexo oral
ObjectId("5797641074fece037396f82d"),üéµTe fuiste a Mosc√∫, me dejaste sin men√∫, sopl√°ndole a la sopa fr√≠aüéµ,mosc[u√∫]|sopa|men[u√∫]
ObjectId("579764a174fece037396f82e"),tu dices blanco, yo digo negro, tu dices voy, yo digo vengo,blanco|negro
ObjectId("579764d074fece037396f82f"),tu eres qui√©n me hace llorar, pero s√≥lo tu me puedes consolar,llorar|consolar
ObjectId("5797650874fece037396f830"),No somos perfectos, s√≥lo polos opuestos,perfectos|polos
ObjectId("5797656774fece037396f831"),Me odias, me quieres, siempre contracorriente,\bmalo\b|\bfeo\b|petardo|pelmazo|flipado
ObjectId("57988ce574fece037396f832"),Tu pones los caramelos y yo los polvos estelares,pok[e√©]mon|\bpolvos*\b|caramelos*|chuches*|chucher[i√≠]as*
ObjectId("5798924a74fece037396f834"),me pas√© de la raya con tal de pasar por el aro,es un salido|est[a√°] salido
ObjectId("5798937b74fece037396f835"),L√≠os de faldas XD,faldas*|\bl[i√≠]os*\b
ObjectId("579896a974fece037396f836"),Cantaba regular, pero mov√≠a el culo con un swing que derret√≠a el hielo de las copas,cantar|cantaba|canto|cantamos|canci[√≥o]n(es+)?
ObjectId("579904fe74fece037396f837"),Si tu piel es costa, mi lengua es ola,\bolas*\b|\bpiel\b|\blengua\b|\bcosta\b
ObjectId("579a617674fece037396f838"),Pa viejo mi pellejo,viejo|pellejo
ObjectId("579c977474fece037396f839"),Seis you seis me,empanadillas*|repartir|repartimos
ObjectId("579cf4cc74fece037396f83a"),Vamos a hablar de melones largo y tendido,mel[o√≥]n(es+)?|hablar|hablamos
ObjectId("579de11a74fece037396f83b"),Los perros del curro no me dejan dormir,perros*|dormir|ruido
ObjectId("577237c674fece2729cc472a"),üéµCu√©ntame un cuento y ver√°s que contento, me voy a la cama y tengo lindo sue√±osüéµ,cuento|cu[√©e]ntame|sue√±os
ObjectId("5773755074fece273d74ece5"),Passhoo de todo!!!,calla|c[√°a]llate|gato|minino|gatete|gatito
ObjectId("57865b7174fece03ee349288"),Ahora le pregunto a la abuela C√¥nchi,c[o√∂√¥]nchi|abuela
ObjectId("5777036774fece37ac8bcd07"),Cara de espanto, culo de encanto,fe[oa]
ObjectId("5777f55e74fece3a1aa33001"),En el parque madrile√±o se me pone como un le√±o,parque|le√±o|madrid|madrile√±o
ObjectId("57a3cc5f74fece245a1a699d"),Delirium tremends... lluvia de semen!!,Delirio|delirium|delirando|delirar?|tremendo
ObjectId("57a6462574fece245a1a699f"),Piiiiiiiiiiiii!!!!!!! 8:30 una hora menos en Canarias,agropopular
ObjectId("57ac423774fece245a1a69a0"),Si yo no soy pirot√©cnico... por qu√© ando con este petardo?,fuegos artificiales|cohete
ObjectId("57adadc174fece245a1a69a3"),Si tu no vienes a mi... yo ir√© a tu mundo,venir|mundo|\bvoy\b
ObjectId("57adb0b274fece245a1a69a8"),Gracias a Dios que soy ateo,\bdios\b|\bcura\b|religi[o√≥]n
ObjectId("57adb0dd74fece245a1a69a9"),Si las mujeres fueran buenas... Dios tendr√≠a una,mujer|\bdios\b
ObjectId("57adb17274fece245a1a69aa"),Es m√°s dif√≠cil decir adi√≥s que quedar,adi[o√≥]s|quedar
ObjectId("57adb20074fece245a1a69ab"),La vida es muy corta para preocuparse por lo que los dem√°s piensan sobre ti,vida|pensar|piens|preocupa
ObjectId("57adb25c74fece245a1a69ac"),Para triunfar hay que llevar mucha mierda en los zapatos,triunfar|mierda|zapatos*
ObjectId("57adb2f574fece245a1a69ad"),El mayor error del ser humano es intentar sacarse de la cabeza aquello que no sale del coraz√≥n,coraz[o√≥]n|olv[i√≠]da|humano|error
ObjectId("57adb32c74fece245a1a69ae"),Cada uno puede crear su infierno y su para√≠so,para[i√≠]so|infierno
ObjectId("57adb98574fece245a1a69af"),En la 69 punto G,d[o√≥]nde|d[o√≥]nde es|d[o√≥]nde quedamos|d[o√≥]nde est[a√°]
ObjectId("57ae389474fece245a1a69b0"),Feriaaa feriaaa!! Qu√© peazo de caseta que vamo' a mont√°!!,feria
ObjectId("57ae394574fece245a1a69b1"),Ligo, luego existo; no ligo, luego insisto,insistir|liga[rs]|existir
ObjectId("57ae3a2274fece245a1a69b3"),¬øQuieres chorizo de Almendralejo? Las tres primeras rodajas no tienen pellejo,chorizo|almendralejo|pellejo
ObjectId("57ae3ad074fece245a1a69b5"),Tu que entiendes de electricidad, dime si esto es corriente,electricidad|corriente|calambre|el[e√©]ctrico
ObjectId("57ae3b7b74fece245a1a69b6"),Si no sabes que hacer... qu√©date conmigo!,qu[e√©]date|conmigo|qu[e√©] hace
ObjectId("57af4b1074fece245a1a69b8"),Abajo las drogas!!... Fdo: los del s√≥tano.,drogas*|s[o√≥]tano
ObjectId("57af4c3274fece245a1a69ba"),Como me gustar√≠a ser feo un minuto... para saber lo que se siente,\bfe[oa]s*\b
ObjectId("57af4c8e74fece245a1a69bb"),Por qu√© engancharse a la coca habiendo polvos mejores?,droga|coca[i√≠]na|\bcoca\b
ObjectId("57af4cd474fece245a1a69bc"),No soy tu socio, ni llevo un euro,\bsoci[oa]\b|\beuros*\b
ObjectId("57af4d2c74fece245a1a69bd"),Oye nena!! Crees en el amor a primera vista, o voy a tener que pasar dos veces??,pasar por|mirarte|\bamor\b
ObjectId("57af4dc974fece245a1a69be"),Bebe hasta que me veas guapo,\bfe[oa]\b|borrach[oai√≠u]|\bbeber*\b|bebemos
ObjectId("57af4e7074fece245a1a69bf"),Viejo verde busca chica ecologista,un salido|est[a√°] salido|ecol[o√≥]gi|viejo verde
ObjectId("57af4f2174fece245a1a69c0"),Deja de sonreirme y ens√©√±ame el... repertorio...,jajaja(ja)+|sonr[i√≠]e|sonrisa|\bre[i√≠]r\b|repertorio|me parto
ObjectId("57af4f8f74fece245a1a69c1"),Llevaste a la feria el pollino... y se muri√≥ en el camino,feria
ObjectId("57af50d474fece245a1a69c3"),Mejor una cruel verdad que una c√≥moda ilusi√≥n,ilusi[o√≥]n|verdad
ObjectId("57af513b74fece245a1a69c4"),Se necesita ser un gusano para poder amar a un gusano,gusano
ObjectId("57af518574fece245a1a69c5"),La felicidad es una mentira y la verdad siempre dolorosa,felicidad|mentira|verdad
ObjectId("577a3f4774fece402f69c021"),Miauuu üòø,gato ((malo)|(feo)|(tonto)|(pesado)|(petardo))
ObjectId("5773cffd74fece2bef520aa5"),Se√±orita, ¬øest√° tratando de seducirme?,((gato)|(gatito)) ((boni[tc]o)|(bueno)|(listo)|(guapo))
ObjectId("578e9e3974fece09a24d7344"),Sin √°nimo de lamepollismo, me caes bien!,(gato|gatito|michito) (bueno|listo|boni[tc]o|inteligente|guapo)
ObjectId("57af66e674fece4966ad15b8"),Se√±orita, ¬øest√° tratando de seducirme?,(gato|gatito|michito) (boni[tc]o|bueno|listo|guapo)
ObjectId("57af9f6574fece4966ad15bb"),El lim√≥n baja la tensi√≥n, pero el conejo y el mejill√≥n te alegran el coraz√≥n.,[Ll]im[o√≥]n|[Tt]ensi[o√≥]n|[Cc]onejo|[Mm]ejill[o√≥]n|[Cc]oraz[o√≥]n
ObjectId("57b0530f74fece4966ad15bd"),Una vez que huyes del mismo enemigo dos veces, ya nunca podr√°s vencerlo,enemigo|\bhuir\b|\bhuye\b
ObjectId("57b0534a74fece4966ad15be"),Con un gran poder, viene la tentaci√≥n,\bpoder\b|tentaci[o√≥]n
ObjectId("57b0537474fece4966ad15bf"),La ma√±ana de nuestra promesa a√∫n est√° muy lejos,promesa
ObjectId("57b053ea74fece4966ad15c0"),Es de mal gusto sacar conclusiones antes de probar la comida,no estaba muy bueno|no nos gust[o√≥]|estaba mal[oa]|estaba horrible|estaba asqueroso
ObjectId("57b0546c74fece4966ad15c1"),Notaba c√≥mo mi coraz√≥n se enfriaba poco a poco,rechazad|han dejado|ido con otro
ObjectId("57b054be74fece4966ad15c2"),Los humanos solo comienzan a negociar, cuando se acaban las balas,negociar|negociamos|\btrato\b|\bacuerdo\b
ObjectId("57b054e674fece4966ad15c3"),Al crear amistades, tu poder como persona disminuye,amig[oa]s*|amistades
ObjectId("57b0552a74fece4966ad15c4"),Por mucho que lo pienses las faldas no son muy seguras para ocultar algo que no quieres que otros vean,faldas*|ocultar
ObjectId("57b055c674fece4966ad15c5"),Ahora te toca a ti, debilucho!,(me|te|le|nos) toca|(mi|tu|su|nuestro) turno
ObjectId("57b055ed74fece4966ad15c6"),Que gracioso, descubr√≠ que puedo llorar,llorar|llores
ObjectId("57b059d074fece4c07186cb9"),is it too late now to say sorry? pi-ri-bi-pi-pi-ri-bi,perd[o√≥]n|disculpa|lo siento|\bsorry\b
ObjectId("57b059f174fece4c07186cba"),Disculparse es m√°s f√°cil de decir que de hacer,perd[o√≥]n|disculpa|lo siento|\bsorry\b
ObjectId("57b05a8774fece4c07186cbb"),‚¨á Mira como la tengo para la edad que tengo,\bedad\b|viejo|\ba√±os\b
ObjectId("57b07b6874fece4c07186cbc"),Si yo no soy carpintero... qu√© hago con este madero??,carpintero|mader[oa]|tabl[o√≥]n
ObjectId("57b0a68574fece4c07186cbd"),Si las putas fueran ladrillos el mundo ser√≠a un castillo,\bputas*\b|castillo|ladrillos*
ObjectId("57b0a6fd74fece4c07186cbe"),Caramelos de lim√≥n, cloroformo y al furg√≥n,caramelos*|furg[o√≥]n|cloroformo|lim[o√≥]n
ObjectId("57b0a74574fece4c07186cbf"),Si cumple la docena, me juego la condena,\b12\b|docena|condena|joven|asaltacunas*|\bchica\b|peque√±a
ObjectId("57b0a86c74fece4c07186cc0"),Si menstrua, punt√∫a,\bregla\b|menstrua
ObjectId("57b0a8ad74fece4c07186cc1"),La de amarillo que la pillo,amarillo
ObjectId("57b0acf574fece4c07186cc2"),Hasta la puerta del cielo tiene su felpudito,felpudo|cielo|puerta
ObjectId("57b0ad2d74fece4c07186cc3"),Cuanto m√°s primo m√°s te la arrimo,\bprimo\b|arrima
ObjectId("57b0ae3574fece4c07186cc4"),Morena no te enga√±o, tengo chorizo para todo el a√±o,morena|chorizo
ObjectId("57b0ae5874fece4c07186cc5"),La de blanco que la agarro,\bblanco\b
ObjectId("57b0af8a74fece4c07186cc6"),Al pan, pan; al vino, vino; y a tu toto mi pepino,\bpan\b|\bvino\b
ObjectId("57b0b04274fece4c07186cc7"),Tienes la edad suficiente para saber que lo que me cuelga no es un llavero,\bedad\b|llavero|\ba√±os\b
ObjectId("57b0b14474fece4c07186cc8"),Chupa pi√±a, chupa lim√≥n, chupa mis labios que saben mejor,\bpi√±a\b|lim[o√≥]n|labios
ObjectId("57b19b1074fece4c07186cc9"),Ante todo un caballero y un rom√°ntico,salido|descarado|guarro|maleducado
ObjectId("57b2bf6274fece4c07186ccb"),Escapada a la feria!!!,(a|para|en|de) la feria
ObjectId("57b3363674fece4c07186ccc"),Wenn ich nicht deutsch bin, warum habe ich diese Wurst?,\b[Kk]atze\b
ObjectId("57b3369b74fece4c07186ccd"),Wenn ist das Nunst√ºck git und Slotermeyer? Ja! Beiherhund das Oder die Flipperwaldt gersput!,\b[Kk]atze\b
ObjectId("57b5f74f74fece4c07186ccf"),What a very good soup!,\bsopa\b|caracol
ObjectId("57b5f7aa74fece4c07186cd0"),Sombra aqu√≠... Sombra all√°...,maquillaje|maquilla|peluqueros*|\bpela
ObjectId("57b6e37874fece4c07186cd3"),Sabes lo que te digo? Que la picha es pal higo y no pal culo del amigo,maric[o√≥]n|\bgay\b|homosexual|palomazo
ObjectId("57b6e43774fece4c07186cd5"),Sabes lo que ocurre cuando est√° cerca la luna? Que esa noche nieva entre las piernas de alguna,luna llena|\bluna\b|niev[ea]|nevar|nevada
ObjectId("57b6e4e374fece4c07186cd6"),Chau bacalau!,adi[o√≥]s|cha+o+|x+a+o+|\bbye+\b
ObjectId("57b6e7da74fece4c07186cd9"),No es lo mismo un metro de encaje negro que un negro te encaje un metro,encaje|\bnegro\b|\bmetro\b
ObjectId("57b6e98374fece4c07186cda"),Recuerda: a gusto, contento, pero dentro,[wv][a√°]ter|\bwc\b|cuarto ba√±o|cuarto de ba√±o|\bcagar\b|cagando|\bmear\b
ObjectId("57b6ea0474fece4c07186cdb"),Morena tu culo me suena!!!,morena|\bculo\b
ObjectId("57b6ea4374fece4c07186cdc"),Te molesta? Pues tira de esta!!,calla|c[a√°]llate
ObjectId("57b6ea7074fece4c07186cdd"),Qu√© risa Marisa!,marisa
ObjectId("57b6ec9574fece4c07186cdf"),Lo duro no es aguantar el peso de los cuernos... sino mantener a la vaca,cuernos|trigo limpio|(va|ido) con (otr[oa]|cualquiera)|enga√±ar[i√≠]a|ligona
ObjectId("57b6ed7c74fece4c07186ce1"),Tus ojos son dos luceros, tus mejillas dos manzananas, Qu√© rica ensalada de frutas, har√≠amos con mi banana!,\bfrutas*\b|manzanas*|mejillas*|banana|luceros*|\bojos+\b
ObjectId("57b6ee9274fece4c07186ce2"),Quisiera ser pirata no por el oro ni por la plata¬†si no por ese tesoro¬†que tienes entre tus patas,pirata|tesoro
ObjectId("57b6ef2f74fece4c07186ce4"),Si crees que eres bajita y crecer tu quisieras, ven pac√° que te riegue¬†con mi manguera,\bbajita\b
ObjectId("57b6ef5a74fece4c07186ce5"),Si te gusta la fruta y te gusta el pelo, vente conmigo que tengo un ciruelo,\bfrutas*\b|ciruel[oa]s*
ObjectId("57b6ef9e74fece4c07186ce6"),Si de mi tu te encaprichas a tu disposici√≥n pongo mi picha,encapricha|capricho
ObjectId("57b6f04b74fece4c07186ce7"),Nena coraz√≥n de alpaca, si no me prestas el de hacer pis, pr√©stame el de hacer caca,coraz[o√≥]n|alpaca
ObjectId("57b6f09c74fece4c07186ce8"),A las mujeres se las conquista con el coraz√≥n... porque es el dedo m√°s largo,\bdedo\b|conquistar|coraz[o√≥]n
ObjectId("57b6f26874fece4c07186cea"),Si no soy panadero, ¬øqu√© hago yo con esta barra?,\bpan\b|panader[oa]
ObjectId("57b70bf574fece4c07186cec"),Yo tambi√©n tengo dos gemelos, te los presento?,gemel[ao]s*
ObjectId("57b8810574fece4c07186ced"),üéµizquierda derecha, left right, follow the leader leader leader follow the leaderüéµ,izquierda|derecha|l[i√≠]der
ObjectId("57b97ed674fece4c07186cee"),üéµy aunque grites: Morena m√≠a!!! Desde esta orilla no escucho tu vozüéµ,morena|\bgritar?\b
ObjectId("57b97f2874fece4c07186cef"),üéµy no me crees!! Cuando te digo que la distancia es el olvido no me crees!!üéµ,distancia|olvido
ObjectId("57b97f7b74fece4c07186cf0"),üéµSooolaaa!!! Perdida en esta rabia se me escapa la vida otra vez!!!üéµ,\bsol[ao]\b
ObjectId("57b986cf74fece4c07186cf1"),Chachi pistachi,\bguay\b|genial|chachi|estupendo|maravilloso|üëç
ObjectId("57b9a1a774fece4c07186cf2"),El estuco amarillo no me gusta,columna|estuco|amarillo|decora|cocina|\bcasa\b
ObjectId("57b9a3cc74fece4c07186cf3"),Salmorejo pa' tu abuelo que es m√°s viejo,salmorejo
ObjectId("57b9c22a74fece4c07186cf4"),Si yo no soy pasayo... Por qu√© tengo este par de globos?,payaso|globos*
ObjectId("57bb3e4f74fece4c07186cf7"),Yo te escribo y te entrego en cada beso üíã el coraz√≥n ‚ù§Ô∏è,\bbeso\b|coraz[o√≥]n
ObjectId("57bb82ec74fece4c07186cf8"),No quiero ponerme malo.... porque estoy enfermao perdio,enferm[oa]
ObjectId("57bc062374fece4c07186cf9"),Ser√© tu luz en la oscuridad,oscuridad|oscuro|\bluz\b
ObjectId("57bc065574fece4c07186cfa"),Escogiste a la m√°s guapa y a la menos buena,guapa|\bbuena\b
ObjectId("57bcd1c074fece4c07186cfe"),üéµMiiira Sooof√≠aaa, sin tu mirada sigo sin tu mirada sigoüéµ,\bsof[i√≠]a\b
ObjectId("57bd946b74fece4c07186cff"),Un caballero es un pervertido con paciencia,caballero
ObjectId("57c46b3274fece4c07186d01"),Veo que ten√≠as prisa por venir! Pues te puedes dar la misma prisa para volver!!,\bvenir\b|\bvoy\b|saliendo|\bprisa\b|llegando|llegamos|\bllego\b
ObjectId("57c46bed74fece4c07186d02"),Uy! Pero buenoo!! Gentuzo!!!,\bmalo\b|\bfeo\b|tonto|pesado|petardo|obsceno|malhablado|maleducado
ObjectId("57c4ac6e74fece4c07186d03"),You may say I'm a dreamer... but I'm not the only one,flipado|obsesionado|no quiere nada|tus sue√±os
ObjectId("57c8153c74fece4c07186d04"),A Just√≠n a Maril√≠n a Jimena a la Matahari a la Magdalena a F√°tima y a Salom√©,just[i√≠]n|maril[i√≠]n|jimena|mata[hj]ari|magdalena|f[√°a]tima|salom[e√©]
ObjectId("57c8165774fece4c07186d05"),Nunca jam√°s quiere decir tal vez,\bnunca\b|nunca jam[a√°]s|tal vez|quiz[a√°]s
ObjectId("57c817bd74fece4c07186d07"),Me desespero de esperarte,(llegar|llegamos|llego|voy|vamos) tarde
ObjectId("57c817f174fece4c07186d08"),Mientras que vienes me voy a poner a rezar un padre nuestro y un ave mar√≠a,(llegar|llegamos|llego|voy|vamos) tarde
ObjectId("57c818e174fece4c07186d09"),No salgo a buscarte porque s√© que corro el riesgo de encontrarte,(estoy|hemos|estamos) perdido|me pierdo
ObjectId("57cc765f74fece4c07186d0a"),üéµvuela que vuela y ver√°s... que no es dif√≠cil volarüéµ,volar|vuel[ao]|volando
ObjectId("57cf0ea774fece4c07186d0b"),Me voy a poner m√°s fuerte que un buche vinagre,entrenar?|entrenado|entrenamiento|\bfuerte\b|vinagre
ObjectId("57cf0f0274fece4c07186d0c"),Enamorarse no es una elecci√≥n,\bamor\b|enamora
ObjectId("57d18ab874fece4c07186d0d"),La lechuga para los conejos... y los conejos para m√≠,lechuga
ObjectId("57d1a7c574fece4c07186d0e"),üéµlas promesas se cumplen rompi√©ndolas... por la mitadüéµ,promesas?|promet[i√≠]|prometer
ObjectId("57d1c65a74fece4c07186d0f"),Si yo no soy de Austria... qu√© hago con esta viena?,vien+a|austria
ObjectId("57d3256e74fece4c07186d10"),Del 7 al 17 la feria de Albacete,albacete
ObjectId("57d6b00974fece4c07186d11"),What do √º mean?,entender|entiendo|entendido
ObjectId("57d6b49e74fece4c07186d12"),Where are √º now?,d[o√≥]nde|d[o√≥]nde es|d[o√≥]nde quedamos|d[o√≥]nde est[a√°]
ObjectId("57d6b4dd74fece4c07186d13"),Recomiendo la chicharra y la leche rizada,\bbaza\b
ObjectId("57d6b7de74fece4c07186d14"),De postre yo quiero higos,comer|comida|men[u√∫]|postre
ObjectId("57d6b7f674fece4c07186d15"),Ummm... me encantan los higos,\bhigos*\b
ObjectId("57d6b92474fece4c07186d16"),Jam√≥n Guijuelo, √∫nico en el mundo undo undo undo...,jam[√≥o]n|guijuelo
ObjectId("57d6b9ea74fece4c07186d17"),En Salamanca son t√≠picos los chochos de canela,salamanca
ObjectId("57d90cd674fece03fba21d8e"),Josemi petardo infinito,josemi
ObjectId("57d91b6074fece03fba21d8f"),Si yo no soy de Salamanca... por qu√© me junto con esta lagarta?,salamanca
ObjectId("57d93a4074fece03fba21d90"),Mi amigo el moreno el que me lleva a los sitios buenos,moreno
ObjectId("57d9bc1b74fece03fba21d91"),El mejor chicle el boomer,chicle
ObjectId("57d9bcc474fece03fba21d92"),Ni√±a te voy a comer todo el boomer,chicle|boomer
ObjectId("57da6db874fece03fba21d93"),De op√≠paras cenas est√°n las sepulturas llenas,op[i√≠]par[oa]|\bcena\b|mucha comida
ObjectId("57da7bf774fece03fba21d94"),Aleph sub cero,infinito
ObjectId("57dbe69474fece03fba21d97"),Mi due√±o est√° en celo,novia
ObjectId("57dc13c374fece03fba21d98"),Tiempos de espera superiores a 15 minutos,saliendo
ObjectId("57dc145574fece03fba21d99"),üéµA√∫n arde Madrid en mi memoriaüéµ,madrid
ObjectId("57dc14d074fece03fba21d9a"),üéµLos gatos and√°bamos colgados, Lady Madridüéµ,madrid
ObjectId("57dc467074fece03fba21d9b"),Dile a la Susi que corte limones,\bsusi\b|susana|lim[o√≥]n(es)?
ObjectId("57e25c4374fece03fba21d9c"),Chao pescao!,adi[o√≥]s|\bchao\b|\bbye\b
ObjectId("57e25d9f74fece03fba21d9d"),Dej√© el convento y me fui a una org√≠a,convento|iglesia
ObjectId("57e2796574fece03fba21d9e"),Gracias!!!,Enhorabuena
ObjectId("57e2c96e74fece03fba21d9f"),... and chicks for free!!!,money for nothing
ObjectId("57e5273a74fece03fba21da0"),Minus eins f√ºr √Ålex,[a√°]lex|alejandro
ObjectId("57ef951774fece03ce776fd3"),Aqu√≠ estoy!,miau[?]
ObjectId("57ef969774fece03ce776fd4"),pa chulita mi pichita,chulita
ObjectId("57f2cbf874fece0359a1a8fb"),Pa mango el m√≠o,\bmango\b
ObjectId("57f56d1e74fece0359a1a8fd"),El farinato pal gato, la morcilla pa la gallina, el chorizo pa quien lo hizo, y el lomo yo me lo como.,farinato
ObjectId("57f7533474fece0359a1a8fe"),La caja la caja!!!,\bcaja\b
ObjectId("57ff87b374fece0359a1a8ff"),Recomiendo el restaurante griego,comer|comida|men[u√∫]
ObjectId("57ff90a574fece0359a1a903"),Prefiero el yogur griego,postre|\btarta\b|helado|yogur|yogourt|yogurt
ObjectId("57ff94d274fece0359a1a904"),¬øplata o plomo?,dinero|\bplata\b|\bplomo\b|euros|d[o√≥]lares
ObjectId("57ff9d8f74fece0359a1a905"),Gonorrea hijueputa malpario,\bmalo\b|\bfeo\b|tonto|pesado|petardo|obsceno|malhablado|maleducado|malparid?o|gonorrea|hijoputa|hijueputa|hideputa
ObjectId("57ff9dd274fece0359a1a906"),Qui√©n es ese berraco?,conozco|conocer|conocid[oa]
ObjectId("57ff9fba74fece0359a1a907"),Ustedes no pueden hacer una sola puta mierda,mierda|no (podemos|pueden?)
ObjectId("57ffa01974fece0359a1a908"),Me gano la vida haciendo negocios,negocios*
ObjectId("57ffa0d774fece0359a1a909"),h√°gale pendejo,v[a√°]mos a hacer|hacemos
ObjectId("57ffa12e74fece0359a1a90a"),y qu√© putas est√°s haciendo?,saliendo
ObjectId("57ffa17174fece0359a1a90b"),y con esa puta boca suya,\bcalla\b|c[√°a]llate
ObjectId("57ffa20674fece0359a1a90d"),Nadie tiene los huevos como nojotros,huevos|cojones|agallas|\bvalor\b|valiente|valent[i√≠]a
ObjectId("57ffa29e74fece0359a1a90e"),D√©jense de pendejadas,pendejo|tonter[√≠i]as*|absurdo|broma|bromi+s*
ObjectId("57ffa2e874fece0359a1a90f"),dime patr√≥n!,josemi|due√±o
ObjectId("57ffa30874fece0359a1a910"),Nadie se burla del patr√≥n,josemi
ObjectId("57ffdb6674fece0359a1a911"),Siempre positifva, nunca negatifva,positiv[oa]|negativ[oa]
ObjectId("5800c30774fece0359a1a912"),Lo que tu digas Tata!,ni√±os
ObjectId("5801fb7b74fece0359a1a913"),Gnight babes!,buenas noches|dormir|sue√±o|noche
ObjectId("5801fc1274fece0359a1a914"),Actitud gentleman,obsceno|malhablado|pervertido|baboso
ObjectId("5802947a74fece0359a1a916"),Menudo tejemaneje,tapadera
ObjectId("5802a0e474fece0359a1a917"),Colegas!!!,friends?|amig[oa]s?|colegas?
ObjectId("5802aa5f74fece0359a1a918"),Tengo lentillas,miop[i√≠]a|hipermetrop[i√≠]a
ObjectId("5802ae8f74fece0359a1a919"),La f√≠sica del futbol√≠n est√° rota,futbol[i√≠]n
ObjectId("5802b3ca74fece0359a1a91a"),Quedamos en casa Berti como punto medio,quedamos|quedar
ObjectId("580516ca74fece0359a1a91c"),Nadie le advierte que al cielo no se va en limusina,\bric[oa]\b|muert[oa]|millonari[oa]
ObjectId("5805174f74fece0359a1a91d"),Apatronado, en el sof√° de mi casa, vente! se est√° caliente,\bsof[a√°]\b|\bcasa\b|\bpatr[o√≥]n\b|caliente|c[√≥o]modo|coj[√≠i]n(es)?
ObjectId("5805d31174fece0359a1a920"),√âl camino despacito que las prisas no son buenas,(marear?|mareando) la perd[i√≠]z|perdices
ObjectId("5808bf2174fece0359a1a921"),Rubia de bote, chocho morenote,rubia|morena|pelirroja|\btinte\b|pelazo
ObjectId("5808bf6774fece0359a1a922"),El color de la ceja marca el de la almeja,\bcejas?\b
ObjectId("5808bfb274fece0359a1a924"),Si hay pelo en el entrecejo, imag√≠nate en el conejo,\bcejas?\b|pesta√±as?|entrecejo|\bpelo\b
ObjectId("5808c16d74fece0359a1a925"),Estoy domesticado, soy un gato Ska,gato|miau
ObjectId("5808c36274fece0359a1a926"),Pan de higo,comer|comida|\bpan\b|\bhigo\b
ObjectId("5808c3b074fece0359a1a928"),Veo veo mamoneo!,\bveo\b|veo veo|mamoneo
ObjectId("5808c5fa74fece0359a1a929"),No he dormido nada esta noche che che!!!,dormir|sue√±o|noche
ObjectId("5808c6c774fece0359a1a92b"),üòçüëØ,\ba[i√≠]da\b
ObjectId("5808c6f974fece0359a1a92c"),üòòüá¨üá∑,\bdana[ei]\b
ObjectId("5808c7cc74fece0359a1a92d"),C√≥mo te voy a querer estando flaca como est√°s!?!,flac[ao]|delgad[ao]|huesos?
ObjectId("5808c83374fece0359a1a92e"),No te vayas a dormir que a√∫n es de d√≠a,buenas noches|hasta ma√±ana|adi[o√≥]s
ObjectId("5808c8a074fece0359a1a92f"),Apuesto a que somos 2 o muchos m√°s,cu[a√°]ntos
ObjectId("5808c91074fece0359a1a930"),Dime qu√© puedo hacer por ti,gato|miau
ObjectId("5808cc1a74fece0359a1a931"),Quiero espagueti y mozzarella, quiero tirarme a Donatella,donatt?ell?a|e?spaguett?i|\bpasta\b|mozz?arell?a
ObjectId("5808ccb074fece0359a1a932"),üéµ Vamos juntos hasta Italia, quiero comprarme un jersey a rayas üéµ,vene[zc]ia|italia|jersey|(a|de) rayas
ObjectId("5808cd0c74fece0359a1a933"),Sufre mam√≥n, devu√©lveme a mi chica,mam[o√≥]n|novio
ObjectId("5808cdad74fece0359a1a934"),Yo vivo en la calle m√°s chunga de to' M√°laga,barrio|calle|barriada|\bzona\b
ObjectId("5808cde774fece0359a1a935"),En la calle m√°s chunga,d[o√≥]nde (vive|viv[i√≠]a)
ObjectId("5808ce6a74fece0359a1a937"),Nunca hemos sido los guapos del barrio,guapos?|\bfeos?\b|tirar cohetes
ObjectId("5808ceaa74fece0359a1a938"),Ni mucho ni poco ni para comerse el coco,\bmuch[oa]\b|\bpoc[oa]\b
ObjectId("5808cf4974fece0359a1a939"),üéµHas sido t√∫, te crees que no te he visto, has sido t√∫, chica cocodriloüéµ,cocodrilo|caim[a√°]n|qui[e√©]n (a|ha|fue|es)
ObjectId("5808d05774fece0359a1a93c"),No entiendo por qu√© has salido a la calle t√∫ tan fresco,hace fr[i√≠]o|hace mucho fr[√≠i]o|qu[e√©] fr[√≠i]o
ObjectId("5808d16074fece0359a1a93d"),üéµQu√© me has hecho Mariana?? no s√©!!! Qu√© me has hecho Mariana?? Mi amor!!!üéµ,mariann?a
ObjectId("5808d63274fece0359a1a93f"),Mira nena tu me tienes de cabeza y en exclamaci√≥n,exclamaci[o√≥]n|interrogaci[o√≥]n
ObjectId("5808d6dd74fece0359a1a940"),Ens√©√±ame a bajar tu cremallera, ya sabes d√≥nde voy!,cremallera|pantal[o√≥]n
ObjectId("580a618574fece0359a1a941"),El color de la pesta√±a marca el de la casta√±a,pesta√±as?|casta√±as?
ObjectId("5813322874fece0359a1a942"),A esa hora vas a abrir y me vas a comer los cojone',abrir|\babren?\b|a las
ObjectId("5813d81774fece0359a1a943"),Yo s√≥lo quer√≠a ver la pel√≠cula,tele|televisi[o√≥]n|pel[i√≠]cula
ObjectId("5816142374fece0359a1a944"),Plata o plomo?,truco|trato|truco o trato
ObjectId("581a033a74fece06d98f08ce"),Ni yo soy perra ni tu eres gato,\bgat[oa]\b|\bperr[oa]\b
ObjectId("581a038474fece06d98f08cf"),Dame rienda suelta que soy un caballo loco,caballo|\bloc[oa]\b|cabalga|rienda
ObjectId("581af63b74fece06d98f08d0"),Gorda gorda super gorda a reventar!!!,gord[ao]
ObjectId("581f319f74fece06d98f08d1"),üéµCuando tu vasss yo vengo de all√≠ii, cuando yo voy t√∫ todav√≠a est√°s aqu√≠iiüéµ,venir|\bvoy\b|vamos
ObjectId("581f31c674fece06d98f08d2"),Si no te ves venir, me lo dices y vendr√© por ti,venir|\bvoy\b|vamos
ObjectId("581f8ed374fece06d98f08d3"),üëçüôÖ‚Äç‚ôÇüëç,gustavo|\bgus\b
ObjectId("5821f76d74fece04d6830069"),Si te abres bien los labios yo te lo como todo que ya soy centenario en comer comida caliente,comida|labios|centenario|caliente
ObjectId("5821f7b874fece04d683006a"),No me impresionas con esos aires de chula,\bchul[ao]\b|impresiona
ObjectId("5821f8d974fece04d683006b"),Podemos ver Xena, La Princesa Guerrera!!!,pel[√≠i]cula|serie|televisor|televisi[o√≥]n|\btele\b
ObjectId("5821f9b074fece04d683006c"),Por Zeus!!!,\bdios\b|dioses
ObjectId("5821f9df74fece04d683006d"),Hay pistolas que descargadas se me disparan,pistola|dispara
ObjectId("5821fa3e74fece04d683006e"),Tu eres el pez que muerde mi cola, yo soy un p√°jaro y tu las ramas,\bpez\b|peces|p[a√°]jaro|\bcola\b|\brabo\b|\brama\b|[a√°]rbol
ObjectId("5821fa8074fece04d683006f"),Yo nunca miento por la ma√±ana, √°ndate al loro a √∫ltima hora,mentiras*|mentir|mentiros[ao]|miente
ObjectId("5821faab74fece04d6830070"),T√∫ eres mi puzzle, yo soy un pieza,puzzles*|piezas*
ObjectId("5821fb0274fece04d6830071"),Yo no soy malo aunque me esconda entre la maleza,\bmalo\b|maleza|maldad
ObjectId("5821fbe574fece04d6830073"),Ni√±a!!! lo que se da no se quita, y lo que te quitas ah√≠ se queda morena!!!,devolver|devu[√©e]lv[ea]|quita[rs]?
ObjectId("5821fca574fece04d6830074"),Tengo un reloj que se para siempre que tu de mi te separas,reloj
ObjectId("5821fd2074fece04d6830075"),Miaaauuu!!!,davinia
ObjectId("5821fdc674fece04d6830077"),Bang Bang!! Lucky Luke!!,lucky|luke|bang|lucky luke|bang bang
ObjectId("5821fe8c74fece04d6830078"),Qu√© dices t√∫ majareta?,miau+|gatete|gato|michif[u√∫]|gatillo|gatico|felino|peludo|michi|gatuno
ObjectId("5821feea74fece04d6830079"),Me interesa s√≥lo porque est√° prohibido,prohibido
ObjectId("5821ff2074fece04d683007b"),El mejor de los pecados el haberte conocido,pecados*|conocido
ObjectId("5821ff4974fece04d683007c"),T√∫ no eres sin mi, yo s√≥lo soy contigo,josemi+|due√±o
ObjectId("5821ff8874fece04d683007d"),Yo no s√© si mis zapatos durar√°n todo el camino,lejos
ObjectId("582239f474fece04d683007f"),üéµCocinero cocinerooo enci√©ndeme la candelaaaüéµ,cociner[oa]|cocina
ObjectId("5823510274fece04d6830080"),qu√© te lo crees t√∫!,estar[a√°]
ObjectId("582399a774fece04d6830081"),Gustavooo!!! Hazme un ba√±o Mar√≠a con las sartenes antiadherentes!!!,sart[e√©]n
ObjectId("58239a6474fece04d6830082"),Qu√© me gusta un sof√°!,\bsof[a√°]\b
ObjectId("5825a82174fece04d6830083"),Mi pok√©mon favorito es Bunnelby üê∞,conejo|pok[√©e]mon
ObjectId("5825e7f274fece04d6830084"),Muy bien!!!,andrea
ObjectId("58265f4f74fece04d6830085"),Un burro por tu casa!,qu[e√©] pasa
ObjectId("5828665e74fece04d6830087"),Mar√≠a ten√≠a los ojos verdes y un negocio entre las piernas,mar[i√≠]a
ObjectId("58288f2e74fece04d6830088"),Rubias, morenas, casta√±as, qu√© m√°s da, todas est√°n divinas,morenas?|casta√±as?|rubias?|pelirrojas?
ObjectId("582ca0bc74fece04d683008a"),Ante la duda, la m√°s tetuda.,\bduda(s)?\b
ObjectId("582e03d274fece04d683008b"),Me ten√©is frito con el perro ese!!!,firul[a√°]is
ObjectId("582e062c74fece04d683008c"),Anda que algui√©n saque a pasear al perro,firul[a√°]is
ObjectId("582e064d74fece04d683008d"),Guau guau!!,firul[a√°]is
ObjectId("582f03e174fece04d683008e"),Y dale con el Pirulais ese!!,firul[a√°]is
ObjectId("5839550d74fece04d683008f"),Los americanos nos est√°n jodiendo,am[e√©]rica(n[oa]s)?
ObjectId("583c45ef74fece04d6830090"),Consejitos doy que para mi no tengo,nutrici[o√≥]n|dieta|consejos|consejitos|andrea
ObjectId("5842cb3274fece04d6830092"),Me voy a poner como un zollo,gord[ao]s*|comida|kilos*
ObjectId("5846b06874fece04d6830093"),El concierto de Bon Jovi se ha cancelado por las inundaciones,concierto
ObjectId("5846b15474fece04d6830094"),üéµNo me gusta a que los torooos te pongas la minifaldaaa üéµ,toros*|torito
ObjectId("5846d10a74fece04d6830095"),Indioota,idiota|tont[oa]|imb[e√©]cil
ObjectId("584b43a674fece04d6830096"),üéµA mi nov√≠a le prohib√≠ooo que vaya sola a la plazaaaüéµ,novia|prohibir|salir|quedamos|quedar|cine
ObjectId("584b44c774fece04d6830097"),Todos para toros,toros*
ObjectId("584b555e74fece04d6830099"),√ëeyardooo,petard[oa]s*
ObjectId("5855b26574fece04d683009a"),√Ålvaro!!! T√∫ que te has pasado todos los Sonics, p√°same la playlist de Spotify con la m√∫sica de todas las zonas.,[a√°]lvaro
ObjectId("5855c11774fece04d683009b"),Margarita!!! A ti que te gustan las ofertas del Toys R Us, p√≠llame un chaleco antibalas y con los 5‚Ç¨ de regalo me compras un light saber.,toysrus|toys r us|margarita|marg[yi]
ObjectId("5855c3a874fece04d683009c"),Gustavooooo!!!! T√∫ que estudiaste Software Product Lines, hazme un modelo de variabilidad de los ataques de los pok√©mons,gustavo|\bgus\b
ObjectId("585be7dd74fece041417390d"),Estoy de szhoupping en el centro comercial,andrea
ObjectId("585e6dc474fece041417390e"),Giligorda,andrea
ObjectId("585e721774fece041417390f"),A mi novia le proh√≠bo que vaya a los toros en falda,novia|prohibi|toros?|falda
ObjectId("585fd85b74fece0414173910"),Recomiendo los roscos de Loja, los mantecados de Estepa, los polvorones de Rute, y los bienmesabe de Antequera,roscos?|mantecados?|polvor[o√≥]n(es)?|pastel(es)?|bienmesabe
ObjectId("5863a76e74fece0414173913"),Me empipo con s√≥lo una copichuela,borrach[oa]|emborrach|\beber\b|alcohol|\bvino\b
ObjectId("5865045874fece0414173914"),Ni√±a grande!,noelia
ObjectId("5865218874fece0414173915"),Ennervias a cualquiera!,josemi
ObjectId("586521c674fece0414173916"),Tenemos que poner a juego nuestras capacidades corporales,sexo|f[√≠i]sico|cuerpo
ObjectId("5865235674fece0414173917"),Me voy a poner hecha un zollo,comer|comida|gord[oa]s?
ObjectId("586585d474fece0414173918"),Zarmen!,carmen
ObjectId("586585f974fece0414173919"),De qu√© color lleva hoy las bragas la hermana Zarmen?,bragas?|hermana|carmen
ObjectId("58662a9c74fece041417391b"),Mis prop√≥sitos para a√±o nuevo: - Ana P√©rgola - Lidia WC - Zarmen - Alba Tubos - Ely Tubos,feliz a√±o nuevo|felices fiestas|a√±o nuevo
ObjectId("586a3cc174fece041417391c"),En tienda de campa√±a me levanto por tu piel,amanece|dormir|dormido|\bpiel\b|levanta
ObjectId("586a3cee74fece041417391d"),La tela de tu falda no me deja apenas ver,falda|\btela\b
ObjectId("586ce7c974fece041417391e"),Encaja esta üñïüèª,encajar?|encajando|averiguando|averigua
ObjectId("5871294a74fece03d5735919"),Predicci√≥n meteorol√≥gica: arde M√°laga,m[a√°]laga
ObjectId("5871296e74fece03d573591a"),Predicci√≥n meteorol√≥gica: arde Baza,baza
ObjectId("587dcc1674fece03d573591b"),A Josemi solo le gustan las petardas locas üôé que le rompen el coraz√≥n üíî,tinder|badoo|happn|adopta un t[i√≠]o|petard[ao]s*|josemi*
ObjectId("5887edf774fece06086de1da"),üéµüéµYo bailo mi bachata ta ta ta, con mi muchachita buena ah ah ahüéµüéµ,bachata|salsa|salsero|bachatero|baile|bailar|bailamos
ObjectId("5893c78c74fece07818223f5"),Josemi al final se hace un rompebragas con sus bailes,josemi|bachata|salsa|salsero|bachatero|baile|bailar|bailamos
ObjectId("5893c7a874fece07818223f6"),Josemi el cazaconejos,josemi
ObjectId("5894e57f74fece07818223f7"),Andrea es una cantama√±anas,andrea
ObjectId("589cc7da74fece03b98baf71"),con menos cari√±o se apa√±a uno,querer|cari√±o|te queremos
ObjectId("589d72c974fece03b98baf73"),Daiana üòç,Diana|Daiana|Dayana
ObjectId("589dd98674fece03b98baf75"),Inmaaa!!! T√∫ que conoces muy bien Suecia. Presentame a una sueca rubiaza que me d√© candela!,Inma|Inmaculada
ObjectId("589e245e74fece03b98baf76"),Vanessita üòç,Vane|vanes?sa|vaness?ita
ObjectId("58a35e8a74fece03b98baf77"),La ignorante de la farmac√©utica dice que me coma 3 parrilladas de carne..... pues le voy a hacer caso üòã,omega3?|omega 3|farmacia|farmac√©utica|parrillada|carne|barbacoa
ObjectId("58a4d1d374fece03b98baf78"),Josemi es un minga fr√≠a,Josemi
ObjectId("58a8644474fece03b98baf79"),Josemi vive empalmado todo el d√≠a,Josemi
ObjectId("58a86e1874fece03b98baf7a"),Minipunto para Josemi,Josemi+
ObjectId("58aacb7374fece03b98baf7b"),Amor sin beso, pizza sin queso,amor|pizza|queso|beso
ObjectId("58b072fd74fece03b98baf7c"),No conquistas nadaa con una ensaladaa,ensalada
ObjectId("58b0735974fece03b98baf7d"),Yo bebo agua Bezoya,\bagua\b|beber|bebamos
ObjectId("58b159b474fece03b98baf7f"),S√≠ii??,miau|gato|gatete|minimo
ObjectId("58b1bc4e74fece03b98baf80"),A mi no me quiere nadie, me super quieren,quiero|te quiero|querer
ObjectId("58b9e32374fece05629106d9"),O bailamos o follamos! Pero ah√≠ parados no!! eehhh,bailes?|bailar|follar|bailando|descansa|parado
ObjectId("58de52c074fece05629106da"),Yo soy un gato self-greening,gato|eficiente|inform[√°a]tic|ecol[o√≥]gic|natura
ObjectId("58dea68974fece05629106db"),Aureha üòç,aurelia|laura|aureha
ObjectId("58e2589174fece05629106dc"),Josemi es una persona respetable,josemi|respetable|persona
ObjectId("58e2590b74fece05629106dd"),Arigato gozaimazu! No te pases con las confianzas,arigato|gracias
ObjectId("58e621ac74fece05629106e5"),¬øTu eres un rat√≥n? Yo no!,ratones+|ratas+
ObjectId("58e6227574fece05629106e7"),El ars√©nico es un elemento esencial para la vida y su deficiencia puede dar lugar a diversas complicaciones. [https://es.wikipedia.org/wiki/Ars%C3%A9nico],arroz|paella|ars[e√©]nico
ObjectId("58e6230a74fece05629106e8"),El GMS equilibra, armoniza, combina y resalta el car√°cter de otros sabores üòã [https://es.wikipedia.org/wiki/Glutamato_monos%C3%B3dico],glutam[a√°]to|monos[√≥o]dico|glutam[a√°]to monos[√≥o]dico
ObjectId("58e6236b74fece05629106e9"),El aceite crudo de palma es una rica fuente de vitamina A y de vitamina E. [https://es.wikipedia.org/wiki/Aceite_de_palma],aceite de palma|grasa de palma|\bpalma\b
ObjectId("58e623fe74fece05629106ea"),El aspartamo ha sido declarado seguro para consumo humano por las agencias de m√°s de noventa pa√≠ses, es uno de los aditivos m√°s estudiados de la historia y su seguridad est√° m√°s que confirmada. [https://es.wikipedia.org/wiki/Aspartamo],aspartamo|edulcorante 
ObjectId("58ee08f474fece05629106eb"),Gilichochi,josemi|andrea|gilipollas
ObjectId("58ee429a74fece05629106ec"),Voy a cambiarte la murumba,droga|idiota|gilipollas|empalmado|obsesionado|secta|criterio
ObjectId("58f0aaf774fece05629106ed"),Pauliuchi üòç,paul[ai]|pabluchi|pauliuchi
ObjectId("58f27ab174fece039facbee7"),Dado que la ingesti√≥n de pescado supone beneficios para la salud, se admite que el consumo moderado de metilmercurio probablemente no presentar√° un nivel peligroso de exposici√≥n. [https://es.m.wikipedia.org/wiki/Metilmercurio],mercurio|metilmercurio
ObjectId("58f4fd8474fece039facbeec"),Marta üòç,marta+
ObjectId("58f6261274fece039facbeef"),Miau no quiere saber nada del asunto,Miau|Josemi|Gustavo|asunto
ObjectId("59046d9774fece0550210ce0"),Yo me encargo de los ni√±os de Marina,marina+
ObjectId("590499ad74fece0550210ce1"),Las pipas de la manzana tienen cianuro,manzanas?
ObjectId("59049a0b74fece0550210ce3"),Un poquito de ars√©nico y cianuro es bueno porque sirve de vacuna.,cianuro|ars[e√©]nico
ObjectId("590728e474fece0550210ce4"),Estamos casi al nivel de las nubes,alto|muy alto|nubes
ObjectId("590cd3ef74fece0550210ce5"),Josemi est√° en la edad del pavo,\bjosemi\b|\bpavo\b
ObjectId("5912343d74fece0550210ce6"),Si quieres pasar un buen rato, elige al gato.,gato+|miau+
ObjectId("5914749174fece0550210ce8"),El chochito est√° en peligro inminente de extinci√≥n. [https://es.wikipedia.org/wiki/Phocoena_sinus],vaquita|vaca+|ballena|marsopa|cet[√°a]ceo|chochito|chocho
ObjectId("592288a974fece06372f4d61"),Viento en popa!,barco|navegar|navegaci[o√≥]n|crucero
ObjectId("5945606f74fece06372f4d62"),Mijas es el pueblo m√°s chungo de toda M√°laga,\bMijas\b
ObjectId("5950ea7774fece06372f4d63"),Qui√©n no apoya..... Qui√©n no recorre.... Qui√©n no roza..... Por debajo del brazo..... y por la Virgen de Guadalupe.....,brindis|brindamos|copas|bebemos
ObjectId("59579c3f74fece06372f4d65"),Eso las cucarachas del N√≥madas,indigesti[o√≥]n
ObjectId("59579ce174fece06372f4d66"),Viaje a Curduba en amoto a comer asendias!,c[√≥o]rdoba
ObjectId("59579d4474fece06372f4d67"),M√°s kikis y menos mezclas raras,kikil[u√∫]a
ObjectId("59579dda74fece06372f4d68"),Choroco de pino,buen[i√≠]sim[oa]|riqu[i√≠]sim[ao]
ObjectId("59579dfa74fece06372f4d69"),Parpadelle al pesto,pasta|spuntino|pizzer[i√≠]a|italiano
ObjectId("5957ccde74fece06372f4d6a"),Por si no follo por lo menos que me la chupe,guadalupe
ObjectId("5957cd0b74fece06372f4d6b"),Por debajo del brazo para prevenir el embarazo,brazo|embarazo|embarazada|pre√±ad[oa]
ObjectId("595e452274fece06372f4d6c"),Nunca pagues m√°s de veinte duros por un videojuego,\bsonic\b|\bvideojuego\b
ObjectId("595e610074fece06372f4d6d"),/willattend@aRSVP_bot,Miau, vienes?
ObjectId("595e610f74fece06372f4d6e"),/willattend@aRSVP_bot,Miau, te apuntas?
ObjectId("5965d84b74fece06372f4d71"),Las letonas le dan mil vueltas a las griegas,griegas?
ObjectId("5965d89074fece06372f4d73"),Europa del esteeee!!! üòçüòçüòç,letonia|estonia|lituania|letona|lituana|rusa
ObjectId("5965d91474fece06372f4d75"),Latvia üá±üáª üòç,letonia|riga|letona
ObjectId("5965dab174fece06372f4d76"),Mi pa√≠s favorito es Letonia üá±üáª,\bpa[i√≠]s\b|ciudad|continente
ObjectId("599051ba74fece0365d1b114"),Yo soy m√°s r√°pido que Sonic!,sonic|tails|knuckles
ObjectId("5990526a74fece0365d1b115"),.... y despu√©s un Crush Bandicoot con los hijos!,lentejas|callos
ObjectId("599219a374fece0365d1b116"),Espero que el Sonic Mania tenga 12 niveles completamente nuevos y 88 cl√°sicos remasterizados.,sonic mania
ObjectId("599eaeed74fece0365d1b118"),La noche est√° para un reggaet√≥n lento, de esos que no se bailan hace tiempo.,reggaet[o√≥]n|perreo|reguet[o√≥]n
ObjectId("599eafd274fece0365d1b119"),üéµQu√© bien se ve, me trae loco su figura, ese trajecito corto le queda bien combinado con su lipstick color caf√©üéµ,reggaet[o√≥]n|perreo|reguet[o√≥]n
ObjectId("59a5708274fece0365d1b11a"),Al final el churro era gordote... y con relleno,churros?|noodles
ObjectId("59ac16e074fece0365d1b11b"),Esta noche es berracamente importante,noche
ObjectId("59ac47ae74fece0365d1b11c"),Super h√©roe favorito (versi√≥n marido) & Knuckles,marido|h[√©e]roe|s[u√∫]per h[√©e]roe|s[u√∫]perh[√©e]roe|favorito|knuckles
ObjectId("59ad391d74fece0365d1b11d"),Tengo la pichula y los coquitos suavecitos.,huevos?|picha|pichula|pene|coquitos|huevecitos?|huevecillos?|test[i√≠]culos?|pollas?
ObjectId("59c7f0e374fece0365d1b11e"),Goya rima con Sorolla y con mi... botella de Bezoya,bezoya|sorolla|goya
ObjectId("59ce4e5374fece0365d1b11f"),Sevillano el que no bote Wueeee Wueeee!!!!,sevilla|sevillan[oa]
ObjectId("59d600f174fece0365d1b120"),mi gato con melena,elena
ObjectId("59d6048974fece0365d1b124"),Ah gu g√∫!! Ajo gu g√∫!! üíã,Helena
ObjectId("59d604ec74fece0365d1b125"),Joaqu√≠n me ha dado permiso para que me la lleve al M√∫evete!,Helena
ObjectId("59d60c4f74fece0365d1b127"),Lydiaaa!! A ti que gustan las reglas tan simples de las magics! Puedo responder a la habilidad disparada de la chinche con un negate?,lydia
ObjectId("59d60c5f74fece0365d1b128"),Es Lydia!!! no Lidia.,l[iy]dia+
ObjectId("59d6cb3074fece0365d1b12b"),Choroqu√≠n de coqu√≠n üëå,choro[kc]o|coco
ObjectId("59d7309274fece0365d1b12c"),& Knuckles,\bsonic\b
ObjectId("59d77e0e74fece0365d1b12d"),Green Ray Zone, Act 1 üèû,\bgreen\b|\bray\b|green ray|\bzone\b|green hill
ObjectId("59d7846f74fece0365d1b12e"),Habitaci√≥n 403. Pelicul√≥n de John Cusack,oficina|403|oficina 403|333|lab 333|laboratorio 333
ObjectId("59d7849774fece0365d1b12f"),403 üëé vs 333 üëç,Oficina|403|oficina 403|333|lab 333|laboratorio 333
ObjectId("59dc9ac974fece0365d1b132"),üë´->üíë->üíè->üëΩ->üë∂->üë©‚Äçüëß->üë®‚Äçüë©‚Äçüëß,norah?
ObjectId("59dca3ca74fece0365d1b140"),A Helena le gustan las palmeras gigantes de chocolate, los susos, los donuts, y las locas.,helena
ObjectId("59dca59074fece0365d1b141"),Inmaaa!!! T√∫ que entiendes de embarazos! Si me como un cr√™pe el d√≠a antes de parir me sale la ni√±a tan guapa como la tuya?,Inma/Inmaculada
ObjectId("59dca68574fece0365d1b142"),A Gustavo ponle una Coca-Cola normal, que no puede tomar edulcorantes porque tiene la flora microbiota regular.,gustavo|\bgus\b|edulcorante
ObjectId("59dca77774fece0365d1b143"),El az√∫car es un endulzante de origen natural y una importante fuente de calor√≠as en la dieta alimenticia moderna. [https://es.wikipedia.org/wiki/Az%C3%BAcar],az[u√∫]car
ObjectId("59dca81374fece0365d1b146"),üéµA la izquierda, a la derecha, en los ojos, arriba, en el pecho, pa'lante, aaaaaaaz√∫uuuukarrrüéµ,az[u√∫][ck]ar
ObjectId("59dca84a74fece0365d1b147"),Yo tengo azukitaaa!!!,az[u√∫][ck]ar
ObjectId("59dceed074fece0365d1b148"),Yo tambi√©n quiero un buen kiki (con relleno),palmera|kiki|quiqui
ObjectId("59df5ef074fece0365d1b14b"),Makey,\bok\b|okey|oki+
ObjectId("59e0900674fece0365d1b14e"),No va ni el tato,qui[e√©]n va|qui[e√©]nes van|qui[e√©]nes vamos
ObjectId("59e0901974fece0365d1b14f"),No viene ni el tato,qui[e√©]n viene|qui[e√©]nes vienen
ObjectId("59e0955c74fece0365d1b153"),√Ålvaro!!! A ti que te gustan los sprints!!! Si en el ScrumLog apunto que s√≥lo he quemado 2 puntos hoy, quedar√° muy fea la gr√°fica del Burndown backlog?,[a√°]lvaro|scrum|sprints?
ObjectId("59e0a69e74fece0365d1b154"),En aceite de oliva virgen extra,me tienes frita|me ten[e√©]is frita|\bfrita\b
ObjectId("59e3882474fece0365d1b155"),Recojo el carb√≥n de la barbacoa con la chapulina?,barbacoa|carb[o√≥]n
ObjectId("59e5017f74fece0365d1b156"),Ancho como el eje de un cami√≥n,\bpicha\b|siempre pensando en lo mismo|empalmado|cojones|\bpene\b|cipote|\bancho\b|siempre igual
ObjectId("59e5019c74fece0365d1b157"),Fuerte y vigoroso como el brazo de Stallone,\bpicha\b|siempre pensando en lo mismo|empalmado|cojones|\bpene\b|cipote|\bancho\b|siempre igual
ObjectId("59e505cc74fece0365d1b158"),Con regusto a salchich√≥n,\bpicha\b|siempre pensando en lo mismo|empalmado|cojones|\bpene\b|cipote|\bancho\b|siempre igual
ObjectId("59ee4f2f74fece0365d1b159"),Ese pliegue abdominal se quita bailando.,pliegue abdominal|pliegue|abdominal|abdomen|barriga|barriguita
ObjectId("59f05c2a74fece0365d1b15a"),üíõ,ch?ris+|ch?ristina+
ObjectId("59f19d3a74fece0365d1b15b"),La talla 38 me aprieta el chocho,gord[ao]s?|talla|pantal[o√≥]n|bragas?|tangas?
ObjectId("59f200f874fece0365d1b15c"),Tal vez pienses que estoy loco. Te confirmo que es as√≠.,loc[oa]|est[u√∫]pido|locura
ObjectId("59f86bbd74fece0365d1b15d"),üíõ,ch?ristina+
ObjectId("59f86c3474fece0365d1b15f"),https://www.youtube.com/watch?v=McV4pBRb-Sg,bilirrubina|ojos amarillos|amarillos|ves[i√≠]cula
ObjectId("59f8989a74fece0365d1b160"),üéµ Anchoooo cipoteeee, cipoteeee anchoooo üéµ,quijote|sancho panza|don quijote
ObjectId("5a027c2574fece0365d1b161"),Yo quiero unos aros de cebolla ba√±ados en cerveza, rebozados en harina de ma√≠z y fritos en aceite de canola,aros? de cebolla|cebollas?|aperitivos?|entrantes?|canola|aceite|cerveza|frito
ObjectId("5a03711b74fece0365d1b162"),Qu√© tikismiquis el tio con las faltas de ortograf√≠a!!! C√°sate con el diccionario,manzananas?
ObjectId("5a03715f74fece0365d1b163"),Qu√© pesada!!! Hablo y escribo como me d√© la gana!,catet[oa]
ObjectId("5a0b1ed674fece0365d1b164"),Josemi ha vuelto m√°s Josemi que nunca!,josemi|am[e√©]rica|am[√©e]ricano
ObjectId("5a0b1ef574fece0365d1b165"),Josemi americanizado,josemi|am[e√©]rica|am[√©e]ricano
ObjectId("5a0eeb3d74fece0365d1b166"),M√°ster del Universo,m[√°a]ster
ObjectId("5a0f63a374fece0365d1b167"),Pero esos son inform√°ticos como vosotros?,segway|scooter|monopat[i√≠]n|patinete|inform[a√°]ticos?
ObjectId("5a180ed374fece0365d1b168"),qu√© tram√°is... morenos?,moren[oa]s?|negr[oa]s?
ObjectId("5a28520174fece0365d1b16a"),En este grupo me dijeron veteeee... ....no hay pantal√≥n para tanto paqueteee!!!,echar|echa[dr]lo|[e√©]chalo|salga|me salgo|me voy|vete
ObjectId("5a28532574fece0365d1b16b"),Todos lo dicen pero yo no me fiooo... ...las esquimales tienen el co√±o fr√≠ooo!!!,esquimal(es)?|fr[√≠i]o
ObjectId("5a395c8274fece22984639a9"),Nora la exploradora,norah?
ObjectId("5a395cb774fece22984639aa"),Es Norah con H de Horcas,\bnora\b
ObjectId("5a61fece74fece22984639ab"),Hay 9 clases de mujeres a evitar y las 9 me gustan!!!,mujer|mujeres
ObjectId("5a68edcb74fece22984639ac"),Me quedo con la prima de Milagros,milagro[s]
ObjectId("5a6e2d1a74fece22984639ad"),Whatsapp es un moj√≥n!,Whatsapp
